0,5
爱,аи
爱好,аи хао
八,ба
爸爸,ба ба
爸,ба
白,баи
白天,баи тиан
百,баи
班,бан
半,бан
半年,бан ниан
半天,бан тиан
帮,банг
帮忙,банг манг
包,бао
包子,бао зи
杯,беи
杯子,беи зи
北,беи
北边,беи биан
北京,беи йинг
本,бен
本子,бен зи
比,би
别,бие
别的,бие де
病,бинг
病人,бинг рен
不,бу
菜,цаи
茶,ча
差,ча
常,чанг
常常,чанг чанг
唱,чанг
唱歌,чанг ге
车,че
车票,че пиао
车上,че шанг
车站,че чан
吃,чи
吃饭,чи фан
出,чу
出来,чу лаи
出去,чу чу
穿,чуан
床,чуанг
次,цы
从,цонг
错,цуо
打车,да че
打电话,да диан хуа
打开,да каи
打球,да чиу
大,да
大学,да xуу
大学生,да xуу шенг
到,дао
得到,де дао
地,ди
的,де
等,денг
地,ди
地点,ди диан
地图,ди ту
弟弟,ди ди
弟,ди
第,ди
点,диан
电,диан
电话,диан хуа
电脑,диан нао
电视,диан ши
电视机,диан ши йи
电影,диан ыинг
电影院,диан ыинг ыуан
东,донг
动,донг
动作,донг цзо
都,ду
读,ду
读书,ду шу
对,дуи
对不起,дуи бу чи
多,ду
饿,ее
儿子,ер зи
二,ер
饭,фан
饭店,фан диан
房间,фанг йиан
房子,фанг зи
放,фанг
放假,фанг йиа
放学,фанг xуу
飞,феи
飞机,феи йи
非常,феи чанг
分,фен
风,фенг
干,ган
干净,ган йинг
干什么,ган ши ме
高,гао
高兴,гао xинг
哥哥,ге ге
哥,ге
歌,ге
个,ге
给,геи
跟,ген
工人,гонг рен
工作,гонг цзо
关,гуан
关上,гуан шанг
贵,гуе
国,гуо
国家,гуо йиа
国外,гуо уоаи
还是,хуан ши
还有,хуан ыо
孩子,хаи зи
汉语,хан ыу
汉字,хан тзы
好,хао
好吃,хао чи
好看,хао кан
好听,хао тинг
好玩儿,хао уоан рр
号,хао
喝,хе
和,хе
很,хен
后,хоу
后天,хоу тиан
花,хуа
话,хуа
坏,хуаи
还,хуан
回,хуи
回答,хуи да
回到,хуи дао
回家,хуи йиа
会,хуи
火车,хуо че
机场,йи чанг
机票,йи пиао
鸡蛋,йи дан
几,йи
记,йи
家,йиа
家里,йиа ли
家人,йиа рен
间,йиан
见,йиан
见面,йиан миан
教,йиао
叫,йиао
教学楼,йиао xуу лоу
姐姐,йие йие
介绍,йие шао
今年,йин ниан
今天,йин тиан
进,йин
进来,йин лаи
进去,йин чу
九,йиу
就,йиу
觉得,юе де
开,каи
开车,каи че
开会,каи хуи
开玩笑,каи уоан xиао
看病,кан бинг
看到,кан дао
看见,кан йиан
考,као
考试,као ши
渴,ке
课,ке
课本,ке бен
课文,ке уоен
口,коу
块,куаи
快,куаи
来,лаи
来到,лаи дао
老,лао
老人,лао рен
老师,лао ши
了,ле
累,леи
冷,ленг
里,ли
两,лиан
零,линг
六,лиу
楼,лоу
楼上,лоу шанг
楼下,лоу xиа
路,лу
路口,лу коу
妈妈,ма ма
妈,ма
马路,ма лу
马上,ма шанг
买,маи
慢,ман
忙,манг
毛,мао
没,меи
没关系,меи гуан xи
没什么,меи ши ме
没事儿,меи ши рр
没有,меи ыо
妹妹,меи меи
妹,меи
门,мен
门口,мен коу
门票,мен пиао
米饭,ми фан
面包,миан бао
面条儿,миан тиао рр
名字,минг зи
明白,минг баи
明年,минг ниан
明天,минг тиан
拿,на
哪,на
哪里,на ли
哪儿,на рр
哪些,на xие
那儿,на рр
那些,на xие
奶,наи
奶奶,наи наи
男孩儿,нан хаи рр
男生,нан шен
呢,ни
能,ненг
你,ни
你们,ни мен
年,ниан
您,нин
牛奶,ниу наи
旁边,панг биан
朋友,пенг ыо
票,пиао
七,чи
起,чи
起床,чи чуанг
汽车,чи че
前,чиан
前天,чиан тиан
钱,чиан
钱包,чиан бао
请,чинг
请假,чинг йиа
请进,чинг йин
请问,чинг уоен
请坐,чинг цзо
球,чиу
去,чу
去年,чу ниан
热,ре
人,рен
认识,рен ши
认真,рен чен
日,ри
日期,ри чи
肉,роу
三,сан
山,шан
商场,шанг чанг
商店,шанг диан
上,шанг
上班,шанг бан
上车,шанг че
上次,шанг цы
上课,шанг ке
上网,шанг уоанг
上午,шанг уоу
上学,шанг xуу
少,шао
谁,шуи
身体,шен ти
什么,ши ме
生病,шенг бинг
生气,шенг чи
生日,шенг ри
十,ши
时候,ши хоу
时间,ши йиан
事,ши
试,ши
是,ши
手,шоу
手机,шоу йи
书,шу
书包,шу бао
书店,шу диан
树,шу
水,шуи
水果,шуи гуо
睡,шуи
睡觉,шуи юиа
说话,шуо хуа
四,сы
送,сонг
岁,суи
他,та
他们,та мен
她,та
她们,та мен
太,таи
天,тиан
天气,тиан чи
听,тинг
听到,тинг дао
听见,тинг йиан
听写,тинг xие
同学,тонг xуу
图书馆,ту шу гуан
外,уоаи
外国,уоаи гуо
外语,уоаи ыу
玩儿,уоан рр
晚,уоан
晚饭,уоан фан
晚上,уоан шанг
网上,уоанг шанг
网友,уоанг ыо
忘,уоан
忘记,уоан йи
问,уоен
我,уоо
我们,уоо мен
五,уоу
午饭,уоу фан
西,xи
西边,xи биан
洗,xи
洗手间,xи шоу йиан
喜欢,xи хуан
下,xиа
下班,xиа бан
下车,xиа че
下次,xиа цы
下课,xиа ке
下午,xиа уоу
下雨,xиа ыу
先,xиан
先生,xиан шенг
现在,xиан цаи
想,xианг
小,xиао
小孩儿,xиао хаи рр
小朋友,xиао пенг ыо
小时,xиао ши
小学,xиао xуу
小学生,xиао xуу шенг
笑,xиао
写,xие
谢谢,xие xие
新,xин
新年,xин ниан
星期,xинг чи
星期日,xинг чи ри
星期天,xинг чи тиан
行,xинг
休息,xиу xи
学,xуу
学生,xуу шенг
学习,xуу xи
学校,xуу xиао
学院,xуу ыуан
要,ыао
爷爷,ые ые
也,ые
页,ые
一,ии
衣服,ии фу
医生,ии шенг
医院,ии ыуан
一点儿,ии диан рр
用,ыонг
有,ыо
有的,ыо де
有名,ыо минг
有些,ыо xие
有用,ыо ыонг
右,ыо
右边,ыо биан
雨,ыу
元,ыуан
远,ыуан
月,ыуе
再,цаи
再见,цаи йиан
在,цаи
在家,цаи йиа
早,цао
早饭,цао фан
早上,цао шанг
怎么,цен ме
站,чан
找,чао
找到,чао дао
这,че
这边,че биан
这里,че ли
这儿,че рр
这些,че xие
真,чен
真的,чен де
正,ченг
正在,ченг цаи
知道,чи дао
知识,чи ши
中,чонг
中国,чонг гуо
中间,чонг йиан
中文,чонг уоен
中午,чонг уоу
中学,чонг xуу
中学生,чонг xуу шенг
重要,чонг ыао
住,чу
准备,чун беи
桌子,чо зи
字,тзы
走,цоу
走路,цоу лу
最,цуи
最好,цуи хао
最后,цуи хоу
昨天,цзо тиан
左,цзо
左边,цзо биан
坐,цзо
爱情,аи чинг
安静,ан йинг
安全,ан чуан
白色,баи се
班长,бан чанг
办,бан
办法,бан фа
办公室,бан гонг ши
半夜,бан ые
帮助,банг чу
饱,бао
报名,бао минг
报纸,бао чи
北方,беи фанг
背,беи
比如,би ру
比如说,би ру шуо
笔,би
笔记,би йи
笔记本,би йи бен
必须,би xуу
边,биан
变,биан
变成,биан ченг
遍,биан
表,биао
表示,биао ши
不久,бу йиу
不满,бу ман
不如,бу ру
不少,бу шао
不同,бу тонг
不行,бу xинг
不一定,бу ии динг
部分,бу фен
才,цаи
菜单,цаи дан
参观,цан гуан
参加,цан йиа
草,цао
草地,цао ди
层,ценг
查,ча
差不多,ча бу ду
长,чанг
常见,чанг йиан
常用,чанг ыонг
超过,чао гуо
超市,чао ши
车辆,че лиан
称,ченг
成,ченг
成绩,ченг йи
成为,ченг уоеи
重复,чонг фу
重新,чонг xин
出发,чу фа
出国,чу гуо
出口,чу коу
出门,чу мен
出生,чу шенг
出现,чу xиан
出院,чу ыуан
出租,чу цу
出租车,чу цу че
船,чуан
吹,чуи
春节,чун йие
春天,чун тиан
词,цы
词典,цы диан
词语,цы ыу
从小,цонг xиао
答应,да ыинг
打工,да гонг
打算,да суан
打印,да ыин
大大,да да
大多数,да ду шу
大海,да хаи
大家,да йиа
大量,да лиан
大门,да мен
大声,да шенг
大小,да xиао
大衣,да ии
大自然,да тзы ран
带,даи
带来,даи лаи
单位,дан уоеи
但,дан
但是,дан ши
蛋,дан
当,данг
当时,данг ши
倒,дао
到处,дао чу
倒,дао
道,дао
道路,дао лу
得,де
得出,де чу
的话,де хуа
得,де
灯,денг
等,денг
等到,денг дао
等于,денг ыу
低,ди
地球,ди чиу
地铁,ди тие
地铁站,ди тие чан
点头,диан тоу
店,диан
掉,диао
东北,донг беи
东方,донг фанг
东南,донг на
冬天,донг тиан
懂,донг
懂得,донг де
动物,донг уоу
动物园,донг уоу ыуан
读音,ду ыин
度,ду
短,дуан
短信,дуан xинн
段,дуан
队,дуи
队长,дуи чанг
对,дуи
对话,дуи хуа
对面,дуи миан
多,ду
多久,ду йиу
多么,ду ме
多数,ду шу
多云,ду ыун
而且,ер чие
发,фа
发现,фа xиан
饭馆,фан гуан
方便,фанг биан
方便面,фанг биан миан
方法,фанг фа
方面,фанг миан
方向,фанг xианг
放下,фанг xиа
放心,фанг xин
分,фен
分开,фен каи
分数,фен шу
分钟,фен чонг
份,фен
封,фенг
服务,фу уоу
复习,фу xи
该,гаи
改,гаи
改变,гаи биан
干杯,ган беи
感到,ган дао
感动,ган донг
感觉,ган юе
感谢,ган xие
干活儿,ган хуо рр
刚,ганг
刚才,ганг цаи
高级,гао йи
高中,гао чонг
个子,ге зи
公共汽车,гонг гонг чи че
公交车,гонг йиао че
公斤,гонг йин
公里,гонг ли
公路,гонг лу
公平,гонг пинг
公司,гонг сы
公园,гонг ыуан
狗,гоу
够,гоу
故意,гу ыи
顾客,гу ке
关机,гуан йи
关心,гуан xин
观点,гуан диан
广场,гуанг чанг
广告,гуанг гао
国际,гуо йи
过来,гуо лаи
过年,гуо ниан
过去,гуо чу
海,хаи
海边,хаи биан
喊,хан
好,хао
好多,хао ду
好久,хао йиу
好人,хао рен
好事,хао ши
好像,хао xианг
合适,хе ши
河,хе
黑,хеи
黑板,хеи бан
黑色,хеи се
红,хонг
红色,хонг се
后来,хоу лаи
忽然,ху ран
湖,ху
护照,ху чао
花,хуа
花园,хуа ыуан
画,хуа
画家,хуа йиа
画儿,хуа рр
坏人,хуаи рен
欢迎,хуан ыин
换,хуан
黄,хуанг
黄色,хуанг се
回,хуи
回国,хуи гуо
会,хуи
活动,хуо донг
或,хуо
或者,хуо че
机会,йи хуи
鸡,йи
级,йи
急,йи
计划,йи хуа
计算机,йи суан йи
加,йиа
加油,йиа ыо
家,йиа
家庭,йиа тинг
家长,йиа чанг
假,йиа
假期,йиа чи
检查,йиан ча
见到,йиан дао
见过,йианг гг
件,йиан
健康,йиан канг
讲,йианг
讲话,йианг хуа
交,йиао
交给,йиао геи
交通,йиао тонг
角,йиао
角度,йиао ду
饺子,йиао зи
脚,йиао
叫作,йиао цзо
教师,йиао ши
教室,йиао ши
教育,йиао ыу
接,йие
接到,йие дао
接受,йие шоу
接下来,йие xиа лаи
接着,йие же
街,йие
节,йие
节目,йие му
节日,йие ри
借,йие
斤,йин
今后,йин хоу
进入,йин ру
进行,йин xинг
近,йин
经常,йинг чанг
经过,йинг гуо
经理,йинг ли
酒,йиу
酒店,йиу диан
就要,йиу ыао
举,юю
举手,юю шоу
举行,юю xинг
句,юю
句子,юю зи
卡,ка
开机,каи йи
开心,каи xин
开学,каи xуу
看法,кан фа
考生,као шенг
靠,као
科,ке
科学,ке xуу
可爱,ке аи
可能,ке ненг
可怕,ке па
可是,ке ши
可以,ке ыи
克,ке
刻,ке
客人,ке рен
课堂,ке танг
空气,конг чи
哭,ку
快餐,куаи цан
快点儿,куаи диан рр
快乐,куаи ле
快要,куаи ыао
筷子,куаи зи
拉,ла
来自,лаи тзы
蓝,лан
蓝色,лан се
篮球,лан чиу
老,лао
老,лао
老年,лао ниан
离,ли
离开,ли каи
礼物,ли уоу
里头,ли тоу
理想,ли xианг
例如,ли ру
例子,ли зи
脸,лиан
练,лиан
练习,лиан xи
凉,лиан
凉快,лиан куаи
两,лиан
亮,лиан
辆,лиан
零下,линг xиа
留,лиу
留下,лиу xиа
留学生,лиу xуу шенг
流,лиу
流利,лиу ли
流行,лиу xинг
路边,лу биан
卖,маи
满,ман
满意,ман ыи
猫,мао
米,ми
面前,миан чиан
名,минг
名称,минг ченг
名单,минг дан
明星,минг xинг
目的,му ди
拿出,на чу
拿到,на дао
那会儿,на хуи рр
那么,на ме
那时候,на ши хоу
那样,на ыанг
南方,нан фан
难过,нан гуо
难看,нан кан
难受,нан шоу
难题,нан ти
难听,нан тин
能够,ненг гоу
年级,ниан йи
年轻,ниан чинг
努力,ну ли
爬,па
爬山,па шан
怕,па
排,паи
排队,паи дуи
排球,паи чиу
碰,пенг
碰到,пенг дао
碰见,пенг йиан
篇,пиан
片,пиан
漂亮,пиао лиан
平,пинг
平安,пинг ан
平常,пинг чанг
平等,пинг денг
平时,пинг ши
瓶,пинг
瓶子,пинг зи
普通,пу тонг
普通话,пу тонг хуа
其他,чи та
其中,чи чонг
骑,чи
骑车,чи че
起飞,чи феи
气,чи
气温,чи уоен
千,чиан
千克,чиан ке
前年,чиан ниан
墙,чиан
青年,чинг ниан
青少年,чинг шао ниан
轻,чинг
清楚,чинг чу
晴,чинг
晴天,чинг тиан
请客,чинг ке
请求,чинг чиу
秋天,чиу тиан
求,чиу
球场,чиу чанг
球队,чиу дуи
球鞋,чиу xие
取,чу
取得,чу де
全,чуан
全部,чуан бу
全国,чуан гуо
全家,чуан йиа
全年,чуан ниан
全身,чуан шен
全体,чуан ти
然后,ран хоу
让,ран
热情,ре чинг
人口,рен коу
人们,рен мен
人数,рен шу
认为,рен уоеи
日报,ри бао
日子,ри зи
如果,ру гуо
入口,ру коу
商量,шанг лиан
商人,шанг рен
上周,шанг чоу
少数,шао шу
少年,шао ниан
身边,шен биан
什么样,ши ме ыанг
生,шенг
生词,шенг цы
生活,шенг хуо
声音,шенг ыин
省,шенг
省,шенг
十分,ши фен
实际,ши йи
实习,ши xи
实现,ши xиан
实在,ши цаи
食物,ши уоу
使用,ши ыонг
市,ши
市长,ши чанг
事情,ши кинг
收,шоу
收到,шоу дао
收入,шоу ру
手表,шоу биао
受到,шоу дао
舒服,шу фу
熟,шу
数,шу
数字,шу тзы
水平,шуи пинг
顺利,шун ли
说明,шуо минг
司机,сы йи
送到,сонг дао
送给,сонг геи
算,суан
虽然,суи ран
随便,суи биан
随时,суи ши
所以,суо ыи
所有,суо ыо
它,та
它们,та мен
太太,таи таи
态度,таи ду
讨论,тао лун
套,тао
特别,те бие
特点,те диан
疼,тенг
提,ти
提出,ти чу
提到,ти дао
提高,ти гао
题,ти
体育,ти ыу
体育场,ти ыу чанг
体育馆,ти ыу гуан
天上,тиан шанг
条,тиао
条件,тиао йиан
听讲,тинг йианг
听说,тинг шуо
停,тинг
停车,тинг че
停车场,тинг че чанг
挺,тинг
挺好,тинг хао
通,тонг
通过,тонг гуо
通知,тонг чи
同时,тонг ши
同事,тонг ши
同样,тонг ыанг
头,тоу
头,тоу
头发,тоу фа
图片,ту пиан
推,туи
腿,туи
外地,уоаи ди
外卖,уоаи маи
完,уоан
完成,уоан ченг
完全,уоан чуан
晚安,уоан ан
晚报,уоан бао
晚餐,уоан цан
晚会,уоан хуи
碗,уоан
网,уоанг
网球,уоанг чиу
网站,уоанг чан
往,уоанг
为,уоеи
为什么,уоеи ши ме
位,уоеи
喂,уоеи
温度,уоен ду
闻,уоен
问路,уоен лу
问题,уоен ти
午餐,уоу цан
午睡,уоу шуи
西北,xи беи
西餐,xи цан
西方,xи фанг
西南,xи на
西医,xи ии
习惯,xи гуан
洗衣机,xи ии йи
洗澡,xи цао
下,xиа
下雪,xиа xуу
下周,xиа чоу
夏天,xиа тиан
相同,xианг тонг
相信,xианг xинн
响,xианг
想到,xианг дао
想法,xианг фа
想起,xианг чи
向,xианг
相机,xианг йи
像,xианг
小,xиао
小声,xиао шенг
小时候,xиао ши хоу
小说,xиао шуо
小心,xиао xин
小组,xиао цу
校园,xиао ыуан
校长,xиао чанг
笑话,xиао хуа
鞋,xие
心里,xин ли
心情,xин чинг
心中,xин чонг
新闻,xин уоен
信,xинн
信号,xинн хао
信息,xинн xи
信心,xинн xин
信用卡,xинн ыонг ка
星星,xинг xинг
行动,xинг донг
行人,xинг рен
行为,xинг уоеи
姓,xинг
姓名,xинг минг
休假,xиу йиа
许多,xуу ду
选,xуанн
学期,xуу чи
雪,xуу
颜色,ыан се
眼,ыан
眼睛,ыан йинг
养,ыанг
样子,ыанг зи
要求,ыао чиу
药,ыао
药店,ыао диан
药片,ыао пиан
药水,ыао шуи
也许,ые xуу
夜,ые
已经,ыи йинг
以后,ыи хоу
以前,ыи чиан
以上,ыи шанг
以外,ыи уоаи
以为,ыи уоеи
以下,ыи xиа
椅子,ыи зи
亿,ыи
意见,ыи йиан
意思,ыи си
因为,ыин уоеи
阴,ыин
阴天,ыин тиан
音节,ыин йие
音乐,ыин лу
音乐会,ыин лу хуи
银行,ыин хинг
银行卡,ыин хинг ка
应该,ыин гаи
英文,ыин уоен
英语,ыин ыу
影片,ыинг пиан
影响,ыинг xианг
永远,ыонг ыуан
油,ыо
游客,ыо ке
友好,ыо хао
有人,ыо рен
有点儿,ыо диан рр
有意思,ыо ыи си
又,ыо
鱼,ыу
语言,ыу ыан
原来,ыуан лаи
原因,ыуан ыин
院,ыуан
院长,ыуан чанг
院子,ыуан зи
愿意,ыуан ыи
月份,ыуе фен
月亮,ыуе лиан
越,ыуе
越来越,ыуе лаи ыуе
云,ыун
运动,ыун донг
咱,цан
咱们,цан мен
早餐,цао цан
早晨,цао чен
早就,цао йиу
怎么办,цен ме бан
怎么样,цен ме ыанг
怎样,цен ыанг
占,чан
站,чан
站住,чан чу
长,чанг
长大,чанг да
找出,чао чу
照片,чао пиан
照相,чао xианг
这么,че ме
这样,че ыанг
真正,чен ченг
正常,ченг чанг
正好,ченг хао
正确,ченг чуе
正是,ченг ши
直接,чи йие
只,чи
只能,чи ненг
只要,чи ыао
纸,чи
中餐,чонг цан
中级,чонг йи
中年,чонг ниан
中小学,чонг xиао xуу
中心,чонг xин
中医,чонг ии
重视,чонг ши
周,чоу
周末,чоу мо
周年,чоу ниан
主人,чу рен
主要,чу ыао
住房,чу фанг
住院,чу ыуан
装,чуанг
准确,чун чуе
自己,тзы йи
自行车,тзы xинг че
自由,тзы ыо
字典,тзы диан
走过,цоу гуо
走进,цоу йин
走开,цоу каи
租,цу
组,цу
组成,цу ченг
组长,цу чанг
嘴,цуи
最近,цуи йин
作家,цзо йиа
作文,цзо уоен
作业,цзо ые
作用,цзо ыонг
座,цзо
座位,цзо уоеи
做到,цзо дао
做法,цзо фа
爱心,аи xин
安排,ан паи
安装,ан чуанг
按,ан
按照,ан чао
把,ба
把,ба
把握,ба уоо
白,баи
白菜,баи цаи
班级,бан йи
搬,бан
搬家,бан йиа
板,бан
办理,бан ли
保,бао
保安,бао ан
保持,бао чи
保存,бао цун
保护,бао ху
保留,бао лиу
保险,бао xиан
保证,бао ченг
报,бао
报到,бао дао
报道,бао дао
报告,бао гао
背,беи
北部,беи бу
背,беи
背后,беи хоу
被,беи
被子,беи зи
本来,бен лаи
本领,бен линг
比较,би йиао
比例,би ли
比赛,би саи
必然,би ран
必要,би ыао
变化,биан хуа
变为,биан уоеи
标题,биао ти
标准,биао чун
表达,биао да
表格,биао ге
表面,биао миан
表明,биао минг
表现,биао xиан
表演,биао ыан
并,бинг
并且,бинг чие
播出,бо чу
播放,бо фанг
补,бу
补充,бу чонг
不安,бу ан
不得不,бу де бу
不光,бу гуанг
不仅,бу йин
布,бу
步,бу
部,бу
部门,бу мен
部长,бу чанг
才能,цаи ненг
采取,цаи чу
采用,цаи ыонг
彩色,цаи се
曾经,ценг йинг
产生,чан шенг
长城,чанг ченг
长处,чанг чу
长期,чанг чи
场合,чанг хе
场所,чанг суо
超级,чао йи
朝,чао
吵,чао
吵架,чао йиа
衬衫,чен шан
衬衣,чен ии
称为,ченг уоеи
成功,ченг гонг
成果,ченг гуо
成就,ченг йиу
成立,ченг ли
成熟,ченг шу
成员,ченг ыуан
成长,ченг чанг
城,ченг
城市,ченг ши
程度,ченг ду
持续,чи xуу
充满,чонг ман
初,чу
初,чу
初步,чу бу
初级,чу йи
初中,чу чонг
除了,чу ле
处理,чу ли
传,чуан
传播,чуан бо
传来,чуан лаи
传说,чуан шуо
创新,чуанг xин
创业,чуанг ые
创造,чуанг цао
创作,чуанг цзо
从来,цонг лаи
从前,цонг чиан
从事,цонг ши
村,цун
存,цун
存在,цун цаи
错误,цуо уоу
达到,да дао
打破,да по
打听,да тинг
大概,да гаи
大使馆,да ши гуан
大约,да ыуе
代,даи
代表,даи биао
代表团,даи биао туан
带动,даи донг
带领,даи линг
单元,дан ыуан
当初,данг чу
当地,данг ди
当然,данг ран
当中,данг чонг
刀,дао
导演,дао ыан
到达,дао да
到底,дао ди
得分,де фен
等待,денг даи
地区,ди чу
电视剧,диан ши юю
电视台,диан ши таи
电台,диан таи
电子邮件,диан тзы ыо йиан
调,диао
调查,диао ча
订,динг
定期,динг чи
东部,донг бу
动力,донг ли
动人,донг рен
读者,ду че
短处,дуан чу
短裤,дуан ку
短期,дуан чи
断,дуан
队员,дуи ыуан
对待,дуи даи
对方,дуи фанг
对手,дуи шоу
对象,дуи xианг
顿,дун
发表,фа биао
发出,фа чу
发达,фа да
发动,фа донг
发明,фа минг
发生,фа шенг
发送,фа сонг
发言,фа ыан
发展,фа чан
反对,фан дуи
反复,фан фу
反应,фан ыинг
反正,фан ченг
范围,фан уоеи
方式,фанг ши
防,фанг
防止,фанг чи
房东,фанг донг
房屋,фанг уо
房租,фанг цу
访问,фанг уоен
放到,фанг дао
飞行,феи xинг
费,феи
费用,феи ыонг
分别,фен бие
分配,фен пеи
分组,фен цу
丰富,фенг фу
风险,фенг xиан
否定,фоу динг
否认,фоу рен
服装,фу чуанг
福,фу
父母,фу му
父亲,фу чин
付,фу
负责,фу це
复印,фу ыин
复杂,фу ца
富,фу
改进,гаи йин
改造,гаи цао
概念,гаи ниан
赶,ган
赶到,ган дао
赶紧,ган йин
赶快,ган куаи
敢,ган
感冒,ган мао
感情,ган чинг
感受,ган шоу
干吗,ган ма
高速,гао су
高速公路,гао су гонг лу
告别,гао бие
歌迷,ге ми
歌声,ге шенг
歌手,ге шоу
个人,ге рен
个性,ге xинг
各,ге
各地,ге ди
各位,ге уоеи
各种,ге чонг
各自,ге тзы
根本,ген бен
更加,генг йиа
工厂,гонг чанг
工程师,гонг ченг ши
工夫,гонг фу
工具,гонг юю
工业,гонг ые
工资,гонг тзы
公布,гонг бу
公共,гонг гонг
公开,гонг каи
公民,гонг мин
公务员,гонг уоу ыуан
功夫,гонг фу
功课,гонг ке
功能,гонг ненг
共同,гонг тонг
共有,гонг ыо
姑娘,гу ниан
古,гу
古代,гу даи
故乡,гу xианг
挂,гуа
关注,гуан чу
观察,гуан ча
观看,гуан кан
观念,гуан ниан
观众,гуан чонг
管,гуан
管理,гуан ли
光,гуанг
光明,гуанг минг
广播,гуанг бо
广大,гуанг да
规定,гуе динг
规范,гуе фан
国内,гуо неи
国庆,гуо чинг
果然,гуо ран
果汁,гуо чи
过程,гуо ченг
过去,гуо чу
哈哈,ха ха
海关,хаи гуан
害怕,хаи па
行,хинг
好好,хао хао
好奇,хао чи
合,хе
合法,хе фа
合格,хе ге
合理,хе ли
合作,хе цзо
和平,хе пинг
红茶,хонг ча
红酒,хонг йиу
后果,хоу гуо
后年,хоу ниан
互联网,ху лиан уоанг
互相,ху xианг
划船,хуа чуан
华人,хуа рен
化,хуа
话剧,хуа юю
话题,хуа ти
欢乐,хуан ле
环,хуан
环保,хуан бао
环境,хуан йинг
会议,хуи ыи
会员,хуи ыуан
活,хуо
火,хуо
机器,йи чи
积极,йи йи
基本,йи бен
基础,йи чу
及时,йи ши
…极了,…йи
集体,йи ти
集中,йи чонг
计算,йи суан
记录,йи лу
记者,йи че
纪录,йи лу
纪念,йи ниан
技术,йи шу
继续,йи xуу
加工,йиа гонг
加快,йиа куаи
加强,йиа чиан
家具,йиа юю
家属,йиа шу
家乡,йиа xианг
价格,йиа ге
价值,йиа чи
架,йиа
坚持,йиан чи
坚决,йиан юе
坚强,йиан чиан
简单,йиан дан
简直,йиан чи
建,йиан
建成,йиан ченг
建立,йиан ли
建设,йиан ше
建议,йиан ыи
将近,йианг йин
将来,йианг лаи
交费,йиао феи
交警,йиао йинг
交流,йиао лиу
交往,йиао уоанг
交易,йиао ыи
叫,йиао
较,йиао
教材,йиао цаи
教练,йиао лиан
接待,йие даи
接近,йие йин
节约,йие ыуе
结合,йие хе
结婚,йие хун
结束,йие шу
解决,йие юе
解开,йие каи
金,йин
金牌,йин паи
仅,йин
仅仅,йин йин
尽量,йин лиан
紧,йин
紧急,йин йи
紧张,йин чанг
进步,йин бу
进展,йин чан
近期,йин чи
京剧,йинг юю
经济,йинг йи
经历,йинг ли
经验,йинг ыан
经营,йинг ыин
精彩,йинг цаи
精神,йинг шен
景色,йинг се
警察,йинг ча
静,йинг
久,йиу
旧,йиу
救,йиу
就是,йиу ши
就业,йиу ые
举办,юю бан
具体,юю ти
具有,юю ыо
剧场,юю чанг
据说,юю шуо
决定,юе динг
决赛,юе саи
决心,юе xин
绝对,юе дуи
咖啡,ка феи
开发,каи фа
开放,каи фанг
开始,каи ши
开业,каи ые
开展,каи чан
考验,као ыан
科技,ке йи
可靠,ке као
可乐,ке ле
克服,ке фу
客观,ке гуан
课程,ке ченг
空,конг
空调,конг диао
恐怕,конг па
空儿,конг рр
裤子,ку зи
快速,куаи су
困,кун
浪费,ланг феи
老百姓,лао баи xинг
老板,лао бан
老太太,лао таи таи
老头儿,лао тоу рр
乐,ле
乐观,ле гуан
类,леи
类似,леи сы
离婚,ли хун
里面,ли миан
理发,ли фа
理解,ли йие
理论,ли лун
理由,ли ыо
力,ли
立刻,ли ке
利用,ли ыонг
连,лиан
连忙,лиан манг
连续,лиан xуу
连续剧,лиан xуу юю
联合,лиан хе
联合国,лиан хе гуо
联系,лиан xи
凉水,лиан шуи
了,ле
领,линг
领导,линг дао
领先,линг xиан
另外,линг уоаи
留学,лиу xуу
龙,лонг
录,лу
录音,лу ыин
路线,лу xиан
乱,луан
落后,луо хоу
麻烦,ма фан
马,ма
满足,ман цу
慢慢,ман ман
毛,мао
毛病,мао бинг
没用,меи ыонг
媒体,меи ти
每,меи
美,меи
美好,меи хао
美丽,меи ли
美食,меи ши
美术,меи шу
美元,меи ыуан
迷,ми
米,ми
面对,миан дуи
面积,миан йи
民间,мин йиан
民族,мин цу
明确,минг чуе
明显,минг xиан
命运,минг ыун
某,моу
母亲,му чин
木头,му тоу
目标,му биао
目前,му чиан
奶茶,наи ча
男子,нан тз
南部,нан бу
难道,нан дао
难度,нан ду
内,неи
内容,неи ронг
内心,неи xин
能不能,ненг бу нн
能力,ненг ли
年初,ниан чу
年代,ниан даи
年底,ниан ди
年纪,ниан йи
念,ниан
牛,ниу
农村,нонг цун
农民,нонг мин
农业,нонг ые
暖和,нуан ху
怕,па
拍,паи
排,паи
排名,паи минг
牌子,паи зи
派,паи
判断,пан дуан
跑步,пао бу
配,пеи
配合,пеи хе
批评,пи пинг
批准,пи чун
皮,пи
皮包,пи бао
啤酒,пи йиу
票价,пиао йиа
评价,пинг йиа
苹果,пинг гуо
破,по
破坏,по хуаи
普遍,пу биан
普及,пу йи
期,чи
齐,чи
其次,чи цы
其实,чи ши
奇怪,чи гуаи
气候,чи хоу
千万,чиан уоан
前后,чиан хоу
前进,чиан йин
前面,чиан миан
前往,чиан уоанг
强,чиан
强大,чиан да
强调,чиан диао
强烈,чиан лие
桥,чиао
巧,чиао
亲,чин
亲切,чин чие
亲人,чин рен
亲自,чин тзы
情感,чинг ган
情况,чинг куанг
请教,чинг йиао
庆祝,чинг чу
球迷,чиу ми
区,чу
区别,чу бие
取消,чу xиао
去世,чу ши
全场,чуан чанг
全面,чуан миан
全球,чуан чиу
缺,чуе
缺点,чуе диан
缺少,чуе шао
确保,чуе бао
确定,чуе динг
确实,чуе ши
裙子,чун зи
群,чун
热爱,ре аи
热烈,ре лие
人才,рен цаи
人工,рен гонг
人类,рен леи
人民,рен мин
人民币,рен мин би
人群,рен чун
人生,рен шенг
人员,рен ыуан
认出,рен чу
认可,рен ке
任,рен
任,рен
任何,рен хе
任务,рен уо
仍,ренг
仍然,ренг ран
日常,ри чанг
容易,ронг ыи
如何,ру хе
散步,сан бу
沙发,ша фа
沙子,ша зи
伤,шанг
伤心,шанг xин
商品,шанг пин
商业,шанг ые
上来,шанг лаи
上面,шанг миан
上去,шанг чу
上升,шанг шенг
上衣,шанг ии
设备,ше беи
设计,ше йи
设立,ше ли
社会,ше хуи
身份证,шен фен ченг
深,шен
深刻,шен ке
深入,шен ру
升,шенг
生,шенг
生产,шенг чан
生存,шенг цун
生动,шенг донг
生命,шенг минг
生长,шенг чанг
声明,шенг минг
胜,шенг
胜利,шенг ли
失去,ши чу
石头,ши тоу
石油,ши ыо
时,ши
时代,ши даи
时刻,ши ке
实际上,ши йи шанг
实力,ши ли
实行,ши xинг
实验,ши ыан
实验室,ши ыан ши
食品,ши пин
使,ши
始终,ши чонг
世纪,ши йи
世界,ши йие
世界杯,ши йие беи
市场,ши чанг
事故,ши гу
事件,ши йиан
事实,ши ши
事实上,ши ши шанг
事业,ши ые
试题,ши ти
试验,ши ыан
适合,ши хе
适应,ши ыинг
适用,ши ыонг
室,ши
收费,шоу феи
收看,шоу кан
收听,шоу тинг
收音机,шоу ыин йи
手续,шоу xуу
手指,шоу чи
首都,шоу ду
首先,шоу xиан
受,шоу
受伤,шоу шанг
书架,шу йиа
输,шу
输入,шу ру
熟人,шу рен
属,шу
属于,шу ыу
束,шу
数量,шу лиан
双,шуанг
双方,шуанг фанг
思想,сы xианг
死,сы
速度,су ду
随,суи
所,суо
台,таи
谈,тан
谈话,тан хуа
谈判,тан пан
汤,танг
糖,танг
特色,те се
提前,ти чиан
提问,ти уоен
题目,ти му
体会,ти хуи
体现,ти xиан
体验,ти ыан
天空,тиан конг
甜,тиан
调,диао
调整,диао ченг
跳,тиао
跳高,тиао гао
跳舞,тиао уоу
跳远,тиао ыуан
铁,тие
铁路,тие лу
听力,тинг ли
听众,тинг чонг
停止,тинг чи
通常,тонг чанг
通信,тонг xинн
同意,тонг ыи
痛,тонг
痛苦,тонг ку
头,тоу
头脑,тоу нао
突出,ту чу
突然,ту ран
图,ту
图画,ту хуа
土,ту
团,туан
团结,туан йие
团体,туан ти
推动,туи донг
推广,туи гуанг
推进,туи йин
推开,туи каи
退,туи
退出,туи чу
退休,туи xиу
外交,уоаи йиао
外面,уоаи миан
外文,уоаи уоен
完美,уоан меи
完善,уоан шан
完整,уоан ченг
玩具,уоан юю
往往,уоанг уоанг
危害,уоеи хаи
危险,уоеи xиан
为,уоеи
为,уоеи
围,уоеи
伟大,уоеи да
卫生,уоеи шенг
卫生间,уоеи шенг йиан
为了,уоеи ле
温暖,уоен нуан
文化,уоен хуа
文件,уоен йиан
文明,уоен минг
文学,уоен xуу
文章,уоен чанг
文字,уоен тзы
握手,уоо шоу
屋子,уо зи
武器,уоу чи
武术,уоу шу
舞台,уоу таи
西部,xи бу
希望,xи уоан
系,xи
下面,xиа миан
下去,xиа чу
先进,xиан йин
显得,xиан де
显然,xиан ран
显示,xиан ши
现场,xиан чанг
现代,xиан даи
现金,xиан йин
现实,xиан ши
现象,xиан xианг
线,xиан
相比,xианг би
相当,xианг данг
相关,xианг гуан
相互,xианг ху
相似,xианг сы
香,xианг
香蕉,xианг йиао
消费,xиао феи
消失,xиао ши
消息,xиао xи
效果,xиао гуо
写作,xие цзо
血,xиу
心,xин
信,xинн
信封,xинн фенг
信任,xинн рен
形成,xинг ченг
形式,xинг ши
形象,xинг xианг
形状,xинг чуанг
幸福,xинг фу
幸运,xинг ыун
性,xинг
性别,xинг бие
性格,xинг ге
修,xиу
修改,xиу гаи
需求,xуу чиу
需要,xуу ыао
宣布,xуанн бу
宣传,xуанн чуан
选手,xуанн шоу
学费,xуу феи
训练,xунн лиан
压,ыа
压力,ыа ли
烟,ыан
眼前,ыан чиан
演,ыан
演唱,ыан чанг
演唱会,ыан чанг хуи
演出,ыан чу
演员,ыан ыуан
羊,ыанг
阳光,ыанг гуанг
要是,ыао ши
衣架,ии йиа
已,ыи
以来,ыи лаи
艺术,ыи шу
意外,ыи уоаи
意义,ыи ыи
因此,ыин цы
银,ыин
银牌,ыин паи
印象,ыин xианг
应当,ыин данг
迎接,ыин йие
营养,ыин ыанг
赢,ыин
影视,ыинг ши
应用,ыинг ыонг
优点,ыо диан
优势,ыо ши
由,ыо
由于,ыо ыу
邮件,ыо йиан
邮票,ыо пиао
邮箱,ыо xианг
游,ыо
游戏,ыо xи
游泳,ыо ыонг
有的是,ыо де ши
有利,ыо ли
有效,ыо xиао
预报,ыу бао
预防,ыу фанг
预计,ыу йи
预习,ыу xи
员,ыуан
员工,ыуан гонг
愿望,ыуан уоан
约,ыуе
乐队,лу дуи
运输,ыун шу
杂志,ца чих
早已,цао ыи
造,цао
造成,цао ченг
责任,це рен
增加,ценг йиа
增长,ценг чанг
展开,чан каи
张,чанг
照,чао
者,че
真实,чен ши
争,ченг
争取,ченг чу
整,ченг
整个,ченг ге
整理,ченг ли
整齐,ченг чи
整体,ченг ти
整天,ченг тиан
整整,ченг ченг
正,ченг
正式,ченг ши
证,ченг
证件,ченг йиан
证据,ченг юю
证明,ченг минг
支,чи
支持,чи чи
支付,чи фу
只,чи
直,чи
直播,чи бо
直到,чи дао
值,чи
值得,чи де
职工,чи гонг
职业,чи ые
只好,чи хао
只是,чи ши
只有,чи ыо
指,чи
指出,чи чу
指导,чи дао
至今,чих йин
至少,чих шао
志愿,чих ыуан
志愿者,чих ыуан че
制定,чих динг
制度,чих ду
制造,чих цао
制作,чих цзо
中部,чонг бу
中华民族,чонг хуа мин цу
终于,чонг ыу
钟,чонг
种,чонг
种子,чонг зи
重大,чонг да
周围,чоу уоеи
猪,чу
主持,чу чи
主动,чу донг
主任,чу рен
主意,чу ыи
主张,чу чанг
注意,чу ыи
祝,чу
抓,чуа
抓住,чуа чу
专家,чуан йиа
专门,чуан мен
专题,чуан ти
专业,чуан ые
转,чуан
转变,чуан биан
状况,чуанг куанг
状态,чуанг таи
准,чун
资格,тзы ге
资金,тзы йин
自从,тзы цонг
自动,тзы донг
自觉,тзы юе
自然,тзы ран
自身,тзы шен
自主,тзы чу
总,цзнг
总结,цзнг йие
总是,цзнг ши
足够,цу гоу
足球,цу чиу
组合,цу хе
左右,цзо ыо
作品,цзо пин
作者,цзо че
阿姨,аа ыи
矮,аи
矮小,аи xиао
爱国,аи гуо
爱护,аи ху
安,ан
安置,ан чих
按时,ан ши
暗,ан
暗示,ан ши
巴士,ба ши
百货,баи хуо
摆,баи
摆动,баи донг
摆脱,баи ту
败,баи
办事,бан ши
包裹,бао гуо
包含,бао хан
包括,бао куо
宝,бао
宝宝,бао бао
宝贝,бао беи
宝贵,бао гуе
宝石,бао ши
保密,бао ми
保守,бао шоу
抱,бао
背景,беи йинг
倍,беи
被迫,беи по
本科,бен ке
笨,бен
比分,би фен
毕业,би ые
毕业生,би ые шенг
避,би
避免,би миан
编,биан
辩论,биан лун
标志,биао чих
表情,биао чинг
表扬,биао ыанг
别,бие
冰,бинг
冰箱,бинг xианг
冰雪,бинг xуу
兵,бинг
并,бинг
不管,бу гуан
不然,бу ран
布置,бу чих
步行,бу xинг
擦,ца
才,цаи
材料,цаи лиао
财产,цаи чан
财富,цаи фу
采访,цаи фанг
参考,цан као
参与,цан ыу
操场,цао чанг
操作,цао цзо
测,це
测量,це лиан
测试,це ши
曾,ценг
茶叶,ча ые
产品,чан пин
长途,чанг ту
常识,чанг ши
唱片,чанг пиан
抄,чао
抄写,чао xие
潮,чао
潮流,чао лиу
潮湿,чао ши
彻底,че ди
沉,чен
沉默,чен мо
沉重,чен чонг
称赞,ченг цан
成人,ченг рен
诚实,ченг ши
诚信,ченг xинн
承担,ченг дан
承认,ченг рен
承受,ченг шоу
程序,ченг xуу
吃惊,чи линг
迟到,чи дао
尺子,чи зи
冲,чонг
充电,чонг диан
充电器,чонг диан чи
充分,чонг фен
虫子,чонг зи
抽,чоу
抽奖,чоу йианг
抽烟,чоу ыан
出口,чу коу
出色,чу се
出售,чу шоу
出席,чу xи
处于,чу ыу
处,чу
传统,чуан тонг
窗户,чуанг ху
窗台,чуанг таи
窗子,чуанг зи
春季,чун йи
纯,чун
纯净水,чун йинг шуи
词汇,цы хуи
此,цы
此外,цы уоаи
次,цы
刺,цы
刺激,цы йи
从此,цонг цы
粗,цу
粗心,цу xин
促进,цу йин
促使,цу ши
促销,цу xиао
措施,цуо ши
答案,да ан
打败,да баи
打雷,да леи
打扫,да сао
打折,да че
打针,да чен
大巴,да ба
大多,да ду
大哥,да ге
大规模,да гуе мо
大会,да хуи
大姐,да йие
大楼,да лоу
大陆,да лу
大妈,да ма
大型,да xинг
大众,да чонг
代替,даи ти
待遇,даи ыу
袋,даи
戴,даи
担保,дан бао
担任,дан рен
担心,дан xин
单,дан
单纯,дан чун
单调,дан диао
单独,дан ду
淡,дан
导游,дао ыо
导致,дао чих
倒闭,дао би
倒车,дао че
得意,де ыи
灯光,денг гуанг
登,денг
登记,денг йи
登录,денг лу
登山,денг шан
的确,де чуе
敌人,ди рен
地面,ди миан
地位,ди уоеи
地下,ди xиа
地址,ди чи
典型,диан xинг
点名,диан минг
电灯,диан денг
电动车,диан дд чч
电梯,диан ти
电源,диан ыуан
顶,динг
定,динг
冬季,донг йи
动画片,донг хуа пиан
动摇,донг ыао
豆腐,доу фу
独立,ду ли
独特,ду те
独自,ду тзы
堵,ду
堵车,ду че
肚子,ду зи
度过,ду гуо
锻炼,дуан лиан
对比,дуи би
对付,дуи фу
对于,дуи ыу
多次,ду цы
多年,ду ниан
多样,ду ыанг
多种,ду чонг
儿童,ер тонг
而,ер
而是,ер ши
耳机,ер йи
二手,ер шоу
发挥,фа хуи
发票,фа пиао
发烧,фа шао
法,фа
法官,фа гуан
法院,фа ыуан
翻,фан
翻译,фан ыи
烦,фан
反,фан
反而,фан ер
反映,фан ыинг
方,фанг
方案,фанг ан
方针,фанг чен
放松,фанг сонг
非,феи
肥,феи
分布,фен бу
分散,фен сан
分手,фен шоу
分为,фен уоеи
…分之…,…… фен жи ……
纷纷,фен фен
奋斗,фен доу
风格,фенг ге
风景,фенг йинг
风俗,фенг су
封闭,фенг би
否则,фоу це
夫妇,фу фу
夫妻,фу чи
符号,фу хао
符合,фу хе
付出,фу чу
负担,фу дан
附近,фу йин
复制,фу чих
改善,гаи шан
改正,гаи ченг
盖,гаи
概括,гаи куо
感兴趣,ган xинг чу
高潮,гао чао
高价,гао йиа
高尚,гао шанг
高铁,гао тие
格外,ге уоаи
隔,ге
隔开,ге каи
个别,ге бие
个体,ге ти
各个,ге ге
根,ген
根据,ген юю
工程,гонг ченг
公元,гонг ыуан
供应,гонг ыинг
共,гонг
构成,гоу ченг
构造,гоу цао
购买,гоу маи
购物,гоу уоу
骨头,гу тоу
固定,гу динг
瓜,гуа
怪,гуаи
关,гуан
关闭,гуан би
关于,гуан ыу
官,гуан
官方,гуан фанг
光临,гуанг лин
光盘,гуанг пан
逛,гуанг
归,гуе
规模,гуе мо
规则,гуе це
果实,гуо ши
过分,гуо фен
海水,хаи шуи
海鲜,хаи xиан
含,хан
含量,хан лиан
含义,хан ыи
含有,хан ыо
寒假,хан йиа
寒冷,хан ленг
行业,хинг ые
航班,ханг бан
航空,ханг конг
毫米,хао ми
毫升,хао шенг
好友,хао ыо
号码,хао ма
好,хао
合同,хе тонг
黑暗,хеи ан
红包,хонг бао
后头,хоу тоу
厚,хоу
呼吸,ху xи
忽视,ху ши
户,ху
护士,ху ши
花,хуа
划,хуа
划,хуа
怀念,хуаи ниан
怀疑,хуаи ыи
缓解,хуан йие
黄瓜,хуанг гуа
黄金,хуанг йин
回复,хуи фу
汇,хуи
汇报,хуи бао
婚礼,хун ли
火,хуо
伙,хуо
伙伴,хуо бан
或许,хуо xуу
货,хуо
获,хуо
获得,хуо де
获奖,хуо йианг
获取,хуо чу
几乎,йи ху
机构,йи гоу
机遇,йи ыу
积累,йи леи
激动,йи донг
激烈,йи лие
及格,йи ге
极,йи
极其,йи чи
即将,йи йианг
急忙,йи манг
集合,йи хе
记载,йи цаи
技巧,йи чиао
系,xи
季,йи
季度,йи ду
季节,йи йие
既,йи
既然,йи ран
寄,йи
加班,йиа бан
加入,йиа ру
加油站,йиа ыо чан
家务,йиа уоу
假如,йиа ру
坚固,йиан гу
检测,йиан це
减,йиан
减肥,йиан феи
减少,йиан шао
简历,йиан ли
健身,йиан шен
渐渐,йиан йиан
江,йианг
讲究,йианг йиу
讲座,йианг цзо
奖,йианг
奖金,йианг йин
奖学金,йианг xуу йин
降,йианг
降低,йианг ди
降价,йианг йиа
降落,йианг луо
降温,йианг уоен
交换,йиао хуан
交际,йиао йи
教授,йиао шоу
阶段,йие дуан
街道,йие дао
节省,йие шенг
结,йие
结构,йие гоу
结论,йие лун
姐妹,йие меи
解释,йие ши
尽快,йин куаи
紧密,йин ми
尽力,йин ли
进口,йин коу
近代,йин даи
禁止,йин чи
经典,йинг диан
精力,йинг ли
竟然,йинг ран
镜头,йинг тоу
镜子,йинг зи
究竟,йиу йинг
酒吧,йиу ба
居民,юю мин
居住,юю чу
局,юю
巨大,юю да
具备,юю беи
距离,юю ли
聚,юю
聚会,юю хуи
卷,юана
角色,йиао се
开花,каи хуа
开水,каи шуи
看不起,кан бу чи
看望,кан уоан
考察,као ча
棵,ке
可见,ке йиан
空间,конг йиан
空,конг
口袋,коу даи
口语,коу ыу
苦,ку
会计,хуа йи
快递,куаи ди
宽,куан
宽广,куан гуанг
矿泉水,куанг чуан шуи
扩大,куо да
扩展,куо чан
括号,куо хао
垃圾,ла йи
拉开,ла каи
辣,ла
来不及,лаи бу йи
来得及,лаи де йи
来源,лаи ыуан
老公,лао гонг
老家,лао йиа
老婆,лао по
老实,лао ши
乐趣,ле чу
泪,леи
泪水,леи шуи
类型,леи xинг
冷静,ленг йинг
厘米,ли ми
力气,ли ки
历史,ли ши
立即,ли йи
利息,ли xи
利益,ли ыи
俩,лиа
良好,лиан хао
量,лиан
粮食,лиан ши
疗养,лиао ыанг
了不起,ле бу чи
了解,ле йие
列,лие
列车,лие че
列入,лие ру
列为,лие уоеи
临时,лин ши
零食,линг ши
流传,лиу чуан
楼梯,лоу ти
陆地,лу ди
陆续,лу xуу
录取,лу чу
轮,лун
轮船,лун чуан
轮椅,лун ыи
轮子,лун зи
论文,лун уоен
毛巾,мао йин
毛衣,мао ии
帽子,мао зи
没错,меи цуо
没想到,меи xианг дао
美金,меи йин
梦,менг
梦见,менг йиан
梦想,менг xианг
秘密,ми ми
秘书,ми шу
密,ми
密码,ми ма
密切,ми чие
免费,миан феи
面临,миан лин
面试,миан ши
描述,миао шу
描写,миао xие
名片,минг пиан
名人,минг рен
摸,мо
模特儿,мо те рр
模型,мо xинг
末,мо
默默,мо мо
哪怕,на па
哪,на
男士,нан ши
难免,нан миа
脑袋,нао даи
闹,нао
闹钟,нао чонг
内部,неи бу
内科,неи ке
能干,ненг ган
宁静,нинг йинг
浓,нонг
暖气,нуан чи
拍照,паи чао
排列,паи лие
牌,паи
盘,пан
盘子,пан зи
胖子,панг зи
培训,пеи xунн
培训班,пеи xунн бан
培养,пеи ыанг
培育,пеи ыу
批,пи
批,пи
片面,пиан миан
品质,пин чих
平方,пинг фанг
平静,пинг йинг
平均,пинг юн
平稳,пинг уоен
迫切,по чие
破产,по чан
期待,чи даи
期间,чи йиан
期末,чи мо
期限,чи xиан
期中,чи чонг
其余,чи ыу
企业,чи ые
气球,чи чиу
汽水,чи шуи
汽油,чи ыо
器官,чи гуан
前头,чиан тоу
前途,чиан ту
巧克力,чиао ке ли
切,чие
亲爱,чин аи
亲密,чин ми
青春,чинг чун
轻松,чинг сонг
轻易,чинг ыи
清醒,чинг xинн
情景,чинг йинг
穷,чион
穷人,чион рен
秋季,чиу йи
趋势,чу ши
权利,чуан ли
却,чуе
确认,чуе рен
然而,ран ер
燃料,ран лиао
燃烧,ран шао
热闹,ре нао
热心,ре xин
人家,рен йиа
日记,ри йи
日历,ри ли
如今,ру йин
弱,руо
伞,сан
散,сан
扫,сао
色,се
色彩,се цаи
森林,сен лин
晒,шаи
闪,шан
闪电,шан диан
善良,шан лиан
善于,шан ыу
伤害,шанг хаи
商务,шанг уоу
赏,шанг
上个月,шанг ге ыуе
上楼,шанг лоу
上门,шанг мен
烧,шао
设施,ше ши
设置,ше чих
申请,шен чинг
身材,шен цаи
身份,шен фен
身高,шен гао
深厚,шен хоу
神话,шен хуа
神秘,шен ми
甚至,шен чих
失败,ши баи
失望,ши уоан
失业,ши ые
诗,ши
诗人,ши рен
湿,ши
实施,ши ши
实用,ши ыонг
食堂,ши танг
使劲,ши йинн
士兵,ши бинг
市区,ши чу
似的,си де
事物,ши уоу
事先,ши xиан
试卷,ши юана
是否,ши фоу
收回,шоу хуи
收获,шоу хуо
收益,шоу ыи
手工,шоу гонг
手里,шоу ли
手术,шоу шу
手套,шоу тао
守,шоу
首,шоу
售货员,шоу хуо ыуан
叔叔,шу шу
舒适,шу ши
熟练,шу лиан
暑假,шу йиа
树林,шу лин
树叶,шу ые
数据,шу юю
数码,шу ма
刷,шуа
刷牙,шуа ыа
刷子,шуа зи
帅,шуаи
帅哥,шуаи ге
率先,шуа xиан
睡着,шуи чао
顺序,шун xуу
说不定,шуо бу динг
说服,шуо фу
思考,сы као
似乎,сы ху
松,сонг
松树,сонг шу
塑料,су лиао
塑料袋,су лиао даи
酸,суан
酸奶,суан наи
随手,суи шоу
缩短,су дуан
缩小,су xиао
台阶,таи йие
台上,таи шанг
躺,танг
套餐,тао цан
特价,те йиа
特殊,те шу
特征,те ченг
提供,ти гонг
提醒,ти xинн
体操,ти цао
体检,ти йиан
体重,ти чонг
替,ти
替代,ти даи
天真,тиан чен
填,тиан
填空,тиан конг
挑,тиао
挑选,тиао xуанн
调皮,диао пи
挑战,тиао чан
贴,тие
停下,тинг xиа
挺,тинг
通知书,тонг чи шу
同情,тонг чинг
童话,тонг хуа
童年,тонг ниан
统计,тонг йи
统一,тонг ии
痛快,тонг куаи
投,тоу
投入,тоу ру
投诉,тоу су
投资,тоу тзы
透,тоу
透明,тоу минг
图案,ту ан
途中,ту чонг
土地,ту ди
推迟,туи чи
推销,туи xиао
脱,ту
袜子,уоа зи
外汇,уоаи хуи
外交官,уоаи йиао гуан
外套,уоаи тао
弯,уоан
晚点,уоан диан
万一,уоан ии
王,уоан
网络,уоанг луо
网址,уоанг чи
微笑,уоеи xиао
微信,уоеи xинн
围巾,уоеи йин
维持,уоеи чи
维护,уоеи ху
维修,уоеи xиу
尾巴,уоеи ба
未必,уоеи би
未来,уоеи лаи
位于,уоеи ыу
味儿,уоеи рр
喂,уоеи
稳,уоен
稳定,уоен динг
问候,уоен хоу
无,уо
无法,уо фа
无聊,уо лиао
无论,уо лун
无数,уо шу
无所谓,уо суо уоеи
无限,уо xиан
五颜六色,уоу ыан лиу се
误会,уоу хуи
西瓜,xи гуа
吸,xи
吸管,xи гуан
吸收,xи шоу
吸烟,xи ыан
吸引,xи ыин
喜爱,xи аи
系列,xи лие
系统,xи тонг
细,xи
细节,xи йие
细致,xи чих
下个月,xиа ге ыуе
下降,xиа йианг
下楼,xиа лоу
夏季,xиа йи
鲜,xиан
鲜花,xиан хуа
鲜明,xиан минг
咸,xиан
显著,xиан чу
县,xиан
限制,xиан чих
相处,xианг чу
相反,xианг фан
箱,xианг
箱子,xианг зи
想念,xианг ниан
想象,xианг xианг
项,xианг
项目,xианг му
相片,xианг пиан
消化,xиао хуа
销售,xиао шоу
小吃,xиао чи
小伙子,xиао хуо зи
小型,xиао xинг
些,xие
心理,xин ли
新郎,xин ланг
新娘,xин ниан
新鲜,xин xиан
新型,xин xинг
兴奋,xинг фен
形容,xинг ронг
形势,xинг ши
型,xинг
型号,xинг хао
醒,xинн
兴趣,xинг чу
性质,xинг чих
兄弟,xионг ди
胸部,xионг бу
修理,xиу ли
选择,xуанн це
学分,xуу фен
学年,xуу ниан
学时,xуу ши
学术,xуу шу
寻找,xунн чао
迅速,xунн су
牙,ыа
牙刷,ыа шуа
亚运会,ыа ыун хуи
呀,ыа
延长,ыан чанг
延期,ыан чи
延续,ыан xуу
严,ыан
严格,ыан ге
严重,ыан чонг
研究,ыан йиу
研究生,ыан йиу шенг
研制,ыан чих
盐,ыан
眼镜,ыан йинг
眼泪,ыан леи
演讲,ыан йианг
阳台,ыанг таи
养成,ыанг ченг
腰,ыао
摇,ыао
药物,ыао уоу
要,ыао
业余,ые ыу
叶子,ые зи
医疗,ии лиао
医学,ии xуу
依靠,ии као
依然,ии ран
移,ыи
移动,ыи донг
移民,ыи мин
遗产,ыи чан
遗传,ыи чуан
疑问,ыи уоен
以及,ыи йи
以内,ыи неи
义务,ыи уоу
议论,ыи лун
引,ыин
引导,ыин дао
引进,ыин йин
引起,ыин чи
应,ыин
英勇,ыин ыонг
营业,ыин ые
赢得,ыин де
影子,ыинг зи
勇敢,ыонг ган
勇气,ыонг чи
用途,ыонг ту
优良,ыо лиан
优美,ыо меи
优秀,ыо xиу
邮局,ыо юю
有趣,ыо чу
有限,ыо xиан
幼儿园,ыо ер ыуан
于是,ыу ши
语法,ыу фа
语音,ыу ыин
玉,ыу
玉米,ыу ми
预测,ыу це
预订,ыу динг
遇,ыу
遇到,ыу дао
遇见,ыу йиан
原料,ыуан лиао
原则,ыуан це
圆,ыуан
圆满,ыуан ман
约会,ыуе хуи
月底,ыуе ди
阅读,ыуе ду
运动会,ыун донг хуи
运动员,ыун донг ыуан
运气,ыун ки
运用,ыун ыонг
再三,цаи сан
在乎,цаи ху
在于,цаи ыу
赞成,цан ченг
赞赏,цан шанг
赞助,цан чу
造型,цао xинг
战斗,чан доу
战胜,чан шенг
战士,чан ши
战争,чан ченг
丈夫,чанг фу
招呼,чао ху
着火,чао хуо
着急,чао йи
召开,чао каи
针,чен
针对,чен дуи
阵,чен
争论,ченг лун
征服,ченг фу
征求,ченг чиу
政府,ченг фу
政治,ченг чих
之后,чи хоу
之间,чи йиан
之前,чи чиан
之一,чи ии
支,чи
植物,чи уоу
指挥,чи хуи
制订,чих динг
质量,чих лиан
治,чих
治疗,чих лиао
智力,чих ли
智能,чих ненг
中介,чонг йие
种类,чонг леи
中奖,чонг йианг
种,чонг
种植,чонг чи
重量,чонг лиан
逐步,чу бу
逐渐,чу йиан
主题,чу ти
主席,чу xи
祝福,чу фу
著名,чу минг
著作,чу цзо
抓紧,чуа йин
专心,чуан xин
转动,чуан донг
转告,чуан гао
转身,чуан шен
转弯,чуан уоан
转移,чуан ыи
装修,чуанг xиу
装置,чуанг чих
追求,чуи чиу
准时,чун ши
资料,тзы лиао
资源,тзы ыуан
自,тзы
自信,тзы xинн
字母,тзы му
综合,цзнг хе
总共,цзнг гонг
总理,цзнг ли
总统,цзнг тонг
总之,цзнг чи
阻止,цу чи
嘴巴,цуи ба
最初,цуи чу
作出,цзо чу
作为,цзо уоеи
安慰,ан уоеи
岸,ан
岸上,ан шанг
按摩,ан мо
拔,ба
白酒,баи йиу
拜访,баи фанг
版,бан
扮演,бан ыан
棒,банг
包围,бао уоеи
包装,бао чуанг
保卫,бао уоеи
保养,бао ыанг
报答,бао да
报警,бао йинг
抱怨,бао ыуан
背包,беи бао
悲剧,беи юю
悲伤,беи шанг
北极,беи йи
被动,беи донг
辈,беи
本人,бен рен
鼻子,би зи
比重,би чонг
彼此,би цы
必,би
必需,би xуу
毕竟,би йинг
闭幕,би му
闭幕式,би му ши
边境,биан йинг
编辑,биан йи
变动,биан донг
便利,биан ли
便条,биан тиао
便于,биан ыу
宾馆,бин гуан
饼,бинг
饼干,бинг ган
病毒,бинг ду
玻璃,бо ли
博客,бо ке
博览会,бо лан хуи
博士,бо ши
博物馆,бо уоу гуан
薄弱,бо руо
补偿,бу чанг
补贴,бу тие
不曾,бу ценг
不敢当,бу ган данг
不良,бу лиан
不免,бу миан
不能不,бу ненг бу
不时,бу ши
不停,бу тинг
不许,бу xуу
不止,бу чи
不足,бу цу
部位,бу уоеи
猜,цаи
猜测,цаи це
裁判,цаи пан
采购,цаи гоу
彩票,цаи пиао
餐馆,цан гуан
餐厅,цан тинг
餐饮,цан ыин
草原,цао ыуан
册,це
层次,ценг цы
叉,ча
叉子,ча зи
差别,ча бие
差距,ча юю
插,ча
查询,ча xунн
拆,чаи
拆除,чаи чу
产业,чан ые
长度,чанг ду
长寿,чанг шоу
肠,чанг
尝,чанг
尝试,чанг ши
厂长,чанг чанг
场面,чанг миан
倡导,чанг дао
超越,чао ыуе
车主,че чу
称,ченг
称号,ченг хао
成本,ченг бен
成交,ченг йиао
成效,ченг xиао
成语,ченг ыу
承办,ченг бан
城里,ченг ли
乘,ченг
乘车,ченг че
乘客,ченг ке
乘坐,ченг цзо
吃力,чи ли
池子,чи зи
迟,чи
冲动,чонг донг
冲突,чонг ту
充足,чонг цу
愁,чоу
丑,чоу
臭,чоу
出版,чу бан
出差,чу ча
出汗,чу хан
出于,чу ыу
初期,чу чи
除非,чу феи
除夕,чу xи
厨房,чу фанг
处罚,чу фа
处分,чу фен
处在,чу цаи
传达,чуан да
传递,чуан ди
传真,чуан чен
窗帘,чуанг лиан
闯,чуанг
创立,чуанг ли
辞典,цы диан
辞职,цы чи
此后,цы хоу
此刻,цы ке
此时,цы ши
聪明,цонг минг
从而,цонг ер
从中,цонг чонг
脆,цуи
存款,цун куан
寸,цун
达成,да ченг
答,да
答复,да фу
打扮,да бан
打包,да бао
打击,да йи
打架,да йиа
打扰,да рао
大胆,да дан
大纲,да ганг
大伙儿,да хуо рр
大奖赛,да йианг саи
大脑,да нао
大事,да ши
大厅,да тинг
大象,да xианг
大熊猫,да xионг мао
大于,да ыу
大致,да чих
呆,даи
待,даи
代价,даи йиа
代理,даи ли
带有,даи ыо
贷款,даи куан
单一,дан ии
胆,дан
胆小,дан xиао
蛋糕,дан гао
当场,данг чанг
当代,данг даи
当年,данг ниан
当前,данг чиан
当选,данг xуанн
挡,данг
到来,дао лаи
道德,дао де
得了,де ле
得以,де ыи
等候,денг хоу
等级,денг йи
低于,ди ыу
地带,ди даи
地形,ди xинг
地震,ди чен
递,ди
递给,ди геи
典礼,диан ли
点燃,диан ран
电池,диан чи
电饭锅,диан фан гуо
电子版,диан тзы бан
调动,диао донг
丢,диу
动机,донг йи
动手,донг шоу
动态,донг таи
动员,донг ыуан
冻,донг
洞,донг
豆制品,доу чих пин
毒,ду
堆,дуи
对立,дуи ли
对应,дуи ыинг
吨,дун
朵,дуо
躲,дуо
耳朵,ер дуо
二维码,ер уоеи ма
发布,фа бу
发觉,фа юе
发射,фа ше
发行,фа xинг
罚,фа
罚款,фа куан
法规,фа гуе
法制,фа чих
繁荣,фан ронг
返回,фан хуи
防治,фанг чих
放大,фанг да
放弃,фанг чи
分成,фен ченг
分解,фен йие
分类,фен леи
分离,фен ли
分析,фен xи
分享,фен xианг
丰收,фенг шоу
风度,фенг ду
风光,фенг гуанг
封,фенг
疯,фенг
疯狂,фенг куанг
扶,фу
服从,фу цонг
幅,фу
幅度,фу ду
福利,фу ли
辅助,фу чу
负责人,фу це рен
附件,фу йиан
改革,гаи ге
干脆,ган цуи
干扰,ган рао
干预,ган ыу
感想,ган xианг
钢笔,ганг би
钢琴,ганг чин
高大,гао да
高度,гао ду
高跟鞋,гао ген xие
高温,гао уоен
高于,гао ыу
高原,гао ыуан
搞,гао
搞好,гао хао
歌曲,ге чу
隔壁,ге би
个儿,ге рр
跟前,ген чиан
跟随,ген суи
更换,генг хуан
更新,генг xин
工艺,гонг ыи
工作日,гонг цзо ри
公告,гонг гао
公认,гонг рен
公式,гонг ши
公正,гонг ченг
共计,гонг йи
共享,гонг xианг
沟,гоу
沟通,гоу тонг
估计,гу йи
古老,гу лао
鼓,гу
鼓励,гу ли
鼓掌,гу чанг
顾问,гу уоен
怪,гуаи
关怀,гуан хуаи
关键,гуан йиан
冠军,гуан юн
光荣,гуанг ронг
光线,гуанг xиан
广泛,гуанг фан
规划,гуе хуа
鬼,гуе
柜子,гуе зи
滚,гун
锅,гуо
国籍,гуо йи
国民,гуо мин
过度,гуо ду
过敏,гуо мин
过于,гуо ыу
害,хаи
汗,хан
好运,хао ыун
号召,хао чао
合并,хе бинг
合成,хе ченг
盒,хе
盒饭,хе фан
盒子,хе зи
贺卡,хе ка
恨,хен
猴,хоу
后悔,хоу хуи
胡子,ху зи
虎,ху
华语,хуа ыу
滑,хуа
化石,хуа ши
划分,хуа фен
画面,хуа миан
环节,хуан йие
慌,хуанг
慌忙,хуанг манг
灰色,хуи се
恢复,хуи фу
回报,хуи бао
回避,хуи би
回顾,хуи гу
回收,хуи шоу
回头,хуи тоу
回信,хуи xинн
回忆,хуи ыи
汇款,хуи куан
会谈,хуи тан
活力,хуо ли
火柴,хуо чаи
火腿,хуо туи
火灾,хуо цаи
或是,хуо ши
机器人,йи чи рен
机制,йи чих
肌肉,йи роу
基地,йи ди
基金,йи йин
即使,йи ши
集团,йи туан
挤,йи
记忆,йи ыи
技能,йи ненг
继承,йи ченг
加热,йиа ре
加上,йиа шанг
加速,йиа су
加以,йиа ыи
夹,йиа
甲,йиа
价,йиа
驾驶,йиа ши
驾照,йиа чао
坚定,йиан динг
肩,йиан
艰苦,йиан ку
艰难,йиан на
检验,йиан ыан
减轻,йиан чинг
剪,йиан
剪刀,йиан дао
剪子,йиан зи
间接,йиан йие
建造,йиан цао
建筑,йиан чу
健全,йиан чуан
键,йиан
键盘,йиан пан
将,йианг
将要,йианг ыао
奖励,йианг ли
交代,йиао даи
郊区,йиао чу
胶带,xиао даи
胶水,xиао шуи
脚步,йиао бу
接触,йие хун
接连,йие лиан
解除,йие чу
解放,йие фанг
戒,йие
届,йие
今日,йин ри
尽管,йин гуан
紧紧,йин йин
尽可能,йин ке ненг
进化,йин хуа
近来,йин лаи
经费,йинг феи
景象,йинг xианг
警告,йинг гао
竞赛,йинг саи
竞争,йинг ченг
酒鬼,йиу гуе
救灾,йиу цаи
居然,юю ран
局面,юю миан
局长,юю чанг
举动,юю донг
拒绝,юю юе
俱乐部,юю ле бу
剧本,юю бен
决不,юе бу
绝望,юе уоан
军人,юн рен
开幕,каи му
开幕式,каи му ши
看成,кан ченг
看出,кан чу
看待,кан даи
考核,као хе
烤肉,као роу
烤鸭,као ыа
靠近,као йин
颗,ке
可,ке
可怜,ке лиан
可惜,ке xи
渴望,ке уоан
刻,ке
客户,ке ху
客厅,ке тинг
课题,ке ти
肯定,кен динг
空中,конг чонг
控制,конг чих
口号,коу хао
库,ку
快活,куаи хуо
宽度,куан ду
狂,куанг
亏,ку
困扰,кун рао
落,ла
来信,лаи xинн
烂,лан
朗读,ланг ду
浪漫,ланг ман
劳动,лао донг
梨,ли
礼,ли
礼拜,ли баи
礼貌,ли мао
厉害,ли хаи
立,ли
立场,ли чанг
利润,ли рун
例外,ли уоаи
连接,лиан йие
联络,лиан луо
联想,лиан xианг
脸盆,лиан пен
脸色,лиан се
恋爱,лиан аи
两岸,лиан ан
邻居,лин юю
铃,линг
铃声,линг шенг
领带,линг даи
令,линг
流动,лиу донг
流通,лиу тонг
漏,лоу
漏洞,лоу донг
逻辑,лу йи
落实,луо ши
码头,ма тоу
骂,ма
买卖,маи маи
漫长,ман чанг
漫画,ман хуа
毛笔,мао би
矛盾,мао дун
冒,мао
贸易,мао ыи
煤,меи
煤气,меи чи
门诊,мен чен
迷人,ми рен
迷信,ми xинн
面貌,миан мао
面子,миан зи
秒,миао
敏感,мин ган
明亮,минг лиан
明明,минг минг
命令,минг линг
模范,мо фан
模仿,мо фанг
模糊,мо ху
模式,мо ши
摩擦,мо ца
摩托,мо ту
模样,мо ыанг
目光,му гуанг
耐心,наи xин
男性,нан xинг
南北,нан беи
南极,нан йи
难得,нан де
难以,на ыи
脑子,нао зи
内在,неи цаи
能量,ненг лиан
年度,ниан ду
年龄,ниан линг
年前,ниан чиан
牛,ниу
牛仔裤,ниу цз ку
农产品,нонг чан пин
暖,нуан
偶尔,оу ер
偶然,оу ран
偶像,оу xианг
拍摄,паи ше
排除,паи чу
旁,панг
陪,пеи
赔,пеи
赔偿,пеи чанг
配备,пеи беи
配套,пеи тао
喷,пен
盆,пен
披,пи
皮肤,пи фу
皮鞋,пи xие
脾气,пи ки
骗,пиан
骗子,пиан зи
拼,пин
频道,пин дао
频繁,пин фан
品,пин
品,пин
品种,пин чонг
平坦,пинг тан
平原,пинг ыуан
评估,пинг гу
评论,пинг лун
凭,пинг
泼,по
葡萄,пу тао
期望,чи уоан
齐全,чи чуан
其,чи
启动,чи донг
启发,чи фа
启事,чи ши
起到,чи дао
起码,чи ма
气体,чи ти
气象,чи xианг
签,чиан
签订,чиан динг
签名,чиан минг
签约,чиан ыуе
签证,чиан ченг
签字,чиан тзы
前景,чиан йинг
前提,чиан ти
欠,чиан
枪,чиан
强度,чиан ду
墙壁,чиан би
抢救,чиан йиу
强迫,чиан по
悄悄,чиао чиао
敲,чиао
敲门,чиао мен
瞧,чиао
琴,чин
勤奋,чин фен
青,чинг
清晨,чинг чен
清理,чинг ли
情节,чинг йие
晴朗,чинг ланг
区域,чу ыу
全都,чуан ду
全世界,чуан ши йие
泉,чуан
劝,чуан
缺乏,чуе фа
确立,чуе ли
群体,чун ти
群众,чун чонг
染,ран
绕,рао
热量,ре лиан
热门,ре мен
人间,рен йиан
人力,рен ли
人士,рен ши
人物,рен уоу
忍,рен
忍不住,рен бу чу
忍受,рен шоу
认,рен
认定,рен динг
扔,ренг
仍旧,ренг йиу
如此,ру цы
如同,ру тонг
如下,ру xиа
入门,ру мен
软,руан
软件,руан йиан
洒,са
散,сан
散文,сан уоен
杀,ша
杀毒,ша ду
沙漠,ша мо
傻,ша
山区,шан чу
扇,шан
扇,шан
扇子,шан зи
商标,шанг биао
上级,шанг йи
上下,шанг xиа
上涨,шанг чанг
稍,шао
稍微,шао уоеи
蛇,ше
舍不得,ше бу де
舍得,ше де
设想,ше xианг
社,ше
社区,ше чу
射,ше
射击,ше йи
摄像,ше xианг
摄像机,ше xианг йи
摄影,ше ыинг
摄影师,ше ыинг ши
伸,шен
深处,шен чу
深度,шен ду
神,шен
神经,шен йинг
神奇,шен чи
神情,шен чинг
升高,шенг гао
生成,шенг ченг
声,шенг
胜负,шенг фу
剩,шенг
剩下,шенг xиа
失误,ши уоу
师傅,ши фу
诗歌,ши ге
十足,ши цу
时常,ши чанг
时光,ши гуанг
时机,ши йи
时事,ши ши
实惠,ши хуи
拾,ши
使得,ши де
示范,ши фан
式,ши
势力,ши ли
试图,ши ту
视频,ши пин
视为,ши уоеи
收购,шоу гоу
收集,шоу йи
收拾,шоу ши
手段,шоу дуан
手法,шоу фа
寿司,шоу сы
受灾,шоу цаи
瘦,шоу
书法,шу фа
书柜,шу гуе
书桌,шу чо
输出,шу чу
蔬菜,шу цаи
熟悉,шу xи
鼠,шу
鼠标,шу биао
数目,шу му
摔,шуаи
摔倒,шуаи дао
率领,луа линг
双手,шуанг шоу
水产品,шуи чан пин
水分,шуи фен
水库,шуи ку
水灾,шуи цаи
睡眠,шуи миан
说法,шуо фа
硕士,шуо ши
私人,сы рен
思维,сы уоеи
四周,сы чоу
搜,соу
搜索,соу суо
宿舍,су ше
酸甜苦辣,суан тиан ку ла
随后,суи хоу
随意,суи ыи
随着,суи же
岁月,суи ыуе
碎,суи
损害,сун хаи
损失,сун ши
所在,суо цаи
锁,суо
台风,таи фенг
抬,таи
抬头,таи тоу
太空,таи конг
弹,дан
逃,тао
逃跑,тао пао
逃走,тао цоу
桃,тао
桃花,тао хуа
桃树,тао шу
讨厌,тао ыан
特定,те динг
特性,те xинг
特有,те ыо
提倡,ти чанг
提起,ти чи
提示,ти ши
题材,ти цаи
体积,ти йи
体力,ти ли
天才,тиан цаи
天然气,тиан ран чи
天文,тиан уоен
调节,диао йие
调解,диао йие
厅,тинг
停留,тинг лиу
通用,тонг ыонг
偷,тоу
偷偷,тоу тоу
突破,ту по
土豆,ту доу
吐,ту
吐,ту
兔,ту
团长,туан чанг
推行,туи xинг
脱离,ту ли
外界,уоаи йие
完了,уоан ле
微博,уоеи бо
为难,уоеи на
为期,уоеи чи
为止,уоеи чи
为主,уоеи чу
违法,уоеи фа
违反,уоеи фан
违规,уоеи гуе
围绕,уоеи рао
唯一,уоеи ии
委托,уоеи ту
卫星,уоеи xинг
胃,уоеи
慰问,уоеи уоен
温和,уоен хе
文艺,уоен ыи
卧室,уоо ши
握,уоо
污染,уо ран
污水,уо шуи
屋,уо
无奈,уо наи
无疑,уо ыи
舞,уоу
物价,уоу йиа
物业,уоу ые
物质,уоу чих
误解,уоу йие
西红柿,xи хонг ши
西装,xи чуанг
喜剧,xи юю
戏,xи
戏剧,xи юю
吓,xиа
先后,xиан хоу
先前,xиан чиан
鲜艳,xиан ыан
闲,xиан
显,xиан
现有,xиан ыо
现状,xиан чуанг
线索,xиан суо
献,xиан
乡,xианг
乡村,xианг цун
相等,xианг денг
相应,xианг ыинг
香肠,xианг чанг
详细,xианг xи
享受,xианг шоу
向导,xианг дао
向前,xианг чиан
向上,xианг шанг
相声,xианг шенг
象征,xианг ченг
消除,xиао чу
消毒,xиао ду
消防,xиао фанг
消费者,xиао феи че
消极,xиао йи
歇,xие
协议,xие ыи
协议书,xие ыи шу
斜,xие
心态,xин таи
心疼,xин тенг
辛苦,xин ку
欣赏,xин шанг
信念,xинн ниан
信箱,xинн xианг
行驶,xинг ши
形态,xинг таи
性能,xинг ненг
雄伟,xионг уоеи
熊,xионг
休闲,xиу xиан
修复,xиу фу
修建,xиу йиан
修养,xиу ыанг
虚心,xуу xин
许可,xуу ке
选修,xуанн xиу
学科,xуу ке
学位,xуу уоеи
学者,xуу че
寻求,xунн чиу
询问,xунн уоен
押金,ыа йин
鸭子,ыа зи
亚军,ыа юн
延伸,ыан шен
严厉,ыан ли
严肃,ыан су
言语,ыан ыу
研究所,ыан йиу суо
眼光,ыан гуанг
邀请,ыао чинг
摇头,ыао тоу
咬,ыао
也好,ые хао
业务,ые уоу
夜间,ые йиан
一流,ии лиу
依法,ии фа
依旧,ии йиу
依据,ии юю
依照,ии чао
乙,ыи
以便,ыи биан
以往,ыи уоанг
意识,ыи ши
意味着,ыи уоеи же
意志,ыи чих
因而,ыин ер
饮料,ыин лиао
饮食,ыин ши
印刷,ыин шуа
应,ыин
硬,ыинг
硬件,ыинг йиан
拥抱,ыонг бао
拥有,ыонг ыо
用户,ыонг ху
用来,ыонг лаи
用于,ыонг ыу
优惠,ыо хуи
优先,ыо xиан
幽默,ыо мо
尤其,ыо чи
由此,ыо цы
犹豫,ыо ыу
游泳池,ыо ыонг чи
友谊,ыо ыи
有毒,ыо ду
有害,ыо хаи
有力,ыо ли
有利于,ыо ли ыу
有着,ыо же
羽毛球,ыу мао чиу
羽绒服,ыу ронг фу
雨水,ыу шуи
预备,ыу беи
预期,ыу чи
园林,ыуан лин
原理,ыуан ли
原始,ыуан ши
原先,ыуан xиан
原有,ыуан ыо
远处,ыуан чу
怨,ыуан
愿,ыуан
约束,ыуе шу
月饼,ыуе бинг
月球,ыуе чиу
阅览室,ыуе лан ши
运,ыун
运行,ыун xинг
灾,цаи
灾害,цаи хаи
灾难,цаи нан
灾区,цаи чу
再次,цаи цы
再也,цаи ые
在场,цаи чанг
在内,цаи неи
暂时,цан ши
暂停,цан тинг
糟,цао
糟糕,цао гао
早期,цао чи
增,ценг
增产,ценг чан
增大,ценг да
增多,ценг ду
增强,ценг чиан
赠,ценг
赠送,ценг сонг
摘,чаи
展览,чан лан
展示,чан ши
展现,чан xиан
占领,чан линг
占有,чан ыо
涨,чанг
涨价,чанг йиа
掌握,чанг уоо
招生,чао шенг
招手,чао шоу
珍贵,чен гуе
珍惜,чен xи
珍珠,чен чу
真诚,чен ченг
真理,чен ли
真相,чен xианг
诊断,чен дуан
振动,чен донг
震惊,чен линг
争议,ченг ыи
正版,ченг бан
正规,ченг гуе
正如,ченг ру
正义,ченг ыи
证实,ченг ши
证书,ченг шу
挣,ченг
挣钱,ченг чиан
之内,чи неи
之外,чи уоаи
之下,чи xиа
之中,чи чонг
支出,чи чу
支配,чи пеи
执行,чи xинг
直线,чи xиан
值班,чи бан
职能,чи ненг
职位,чи уоеи
职务,чи уоу
只见,чи йиан
指标,чи биао
指甲,чи йиа
指示,чи ши
指责,чи це
至,чих
制成,чих ченг
制约,чих ыуе
治安,чих ан
治理,чих ли
中断,чонг дуан
中秋节,чонг чиу йие
中央,чонг ыанг
中药,чонг ыао
终点,чонг диан
终身,чонг шен
终止,чонг чи
中毒,чонг ду
众多,чонг ду
周期,чоу чи
竹子,чу зи
主办,чу бан
主导,чу дао
主观,чу гуан
主管,чу гуан
主体,чу ти
助理,чу ли
助手,чу шоу
注册,чу це
注射,чу ше
注视,чу ши
注重,чу чонг
祝贺,чу хе
专辑,чуан йи
专利,чуан ли
转化,чуан хуа
转换,чуан хуан
转让,чуан ран
转向,чуан xианг
装饰,чуанг ши
撞,чуанг
资本,тзы бен
资产,тзы чан
资助,тзы чу
子弹,тзы дан
仔细,тзы xи
紫,тзы
自豪,тзы хао
自杀,тзы ша
自愿,тзы ыуан
总裁,цзнг цаи
总数,цзнг шу
总算,цзнг суан
总体,цзнг ти
阻碍,цу аи
组织,цу чи
醉,цуи
尊敬,цун йинг
尊重,цун чонг
挨着,аи же
挨,аи
挨打,аи да
安检,ан йиан
罢工,ба гонг
罢了,ба ле
白领,баи линг
百分点,баи фен диан
办公,бан гонг
办事处,бан ши чу
办学,бан xуу
半决赛,бан юе саи
傍晚,банг уоан
保健,бао йиан
报刊,бао кан
报考,бао као
抱歉,бао чиан
暴风雨,бао фенг ыу
暴力,бао ли
暴露,бао лу
暴雨,бао ыу
爆,бао
爆发,бао фа
爆炸,бао ча
悲惨,беи цан
背心,беи xин
被告,беи гао
奔跑,бен пао
本,бен
本地,бен ди
本期,бен чи
本身,бен шен
本土,бен ту
本质,бен чих
逼,би
笔试,би ши
必将,би йианг
必修,би xиу
闭,би
边缘,биан ыуан
编制,биан чих
变更,биан генг
变换,биан хуан
变形,биан xинг
便,биан
便是,биан ши
遍地,биан ди
病房,бинг фанг
病情,бинг чинг
拨打,бо да
波动,бо донг
波浪,бо ланг
播,бо
补考,бу као
补课,бу ке
补习,бу xи
补助,бу чу
捕,бу
不成,бу ченг
不禁,бу йин
不仅仅,бу йин йин
不通,бу тонг
不怎么,бу цен ме
不怎么样,бу цен ме ыанг
不值,бу чи
布满,бу ман
部队,бу дуи
采纳,цаи на
踩,цаи
参赛,цан саи
参展,цан чан
餐,цан
残疾,цан йи
残疾人,цан йи рен
残酷,цан ку
惨,цан
仓库,цанг ку
操纵,цао цзнг
厕所,це суо
侧,це
测定,це динг
策划,це хуа
层面,ценг миан
差异,ча ыи
查出,ча чу
查看,ча кан
拆迁,чаи чиан
产量,чан лиан
昌盛,чанг шенг
长短,чанг дуан
长假,чанг йиа
长久,чанг йиу
长跑,чанг пао
长远,чанг ыуан
常规,чанг гуе
常年,чанг ниан
厂商,чанг шанг
场地,чанг ди
场馆,чанг гуан
场景,чанг йинг
畅通,чанг тонг
超,чао
超出,чао чу
炒,чао
炒股,чао гу
炒作,чао цзо
车号,че хао
车牌,че паи
车展,че чан
撤离,че ли
撤销,че xиао
撑,ченг
成,ченг
成分,ченг фен
成品,ченг пин
承诺,ченг нуо
城区,ченг чу
城乡,ченг xианг
城镇,ченг чен
持有,чи ыо
冲击,чонг йи
重建,чонг йиан
重组,чонг цу
崇拜,чонг баи
宠物,чонг уоу
冲,чонг
出场,чу чанг
出动,чу донг
出访,чу фанг
出路,чу лу
出面,чу миан
出名,чу минг
出入,чу ру
出事,чу ши
出台,чу таи
出行,чу xинг
初等,чу денг
除,чу
厨师,чу ши
储存,чу цун
处处,чу чу
处长,чу чанг
传出,чуан чу
传媒,чуан меи
传输,чуан шу
传言,чуан ыан
船员,чуан ыуан
船长,чуан чанг
船只,чуан чи
串,чуан
窗口,чуанг коу
创办,чуанг бан
创建,чуанг йиан
创意,чуанг ыи
此处,цы чу
此次,цы цы
此前,цы чиан
此事,цы ши
此致,цы чих
次数,цы шу
从不,цонг бу
从没,цонг меи
醋,цу
村庄,цун чуанг
错过,цуо гуо
搭,да
搭档,да данг
搭配,да пеи
打动,да донг
打断,да дуан
打发,да фа
打官司,да гуан си
打牌,да паи
打印机,да ыин йи
打造,да цао
大道,да дао
大街,да йие
大力,да ли
大米,да ми
大批,да пи
大赛,да саи
大师,да ши
大使,да ши
待会儿,даи хуи рр
担忧,дан ыо
单打,дан да
诞生,дан шенг
党,данг
当,данг
当天,данг тиан
当作,данг цзо
档案,данг ан
岛,дао
到期,дао чи
盗版,дао бан
道教,дао йиао
道歉,дао чиан
低头,ди тоу
低温,ди уоен
滴,ди
抵达,ди да
抵抗,ди канг
地板,ди бан
地名,ди минг
地下室,ди xиа ши
电车,диан че
电动,диан донг
电力,диан ли
电器,диан чи
吊,диао
调研,диао ыан
跌,дие
定价,динг йиа
定时,динг ши
定位,динг уоеи
动画,донг хуа
斗争,доу ченг
都市,ду ши
毒品,ду пин
赌,ду
赌博,ду бо
渡,ду
端,дуан
短片,дуан пиан
对抗,дуи канг
对外,дуи уоаи
蹲,дун
多半,ду бан
多方面,ду фанг миан
多媒体,ду меи ти
夺,дуо
夺取,дуо чу
恩人,ен рен
儿科,ер ке
发病,фа бинг
发电,фа диан
发放,фа фанг
发怒,фа ну
发起,фа чи
发言人,фа ыан рен
发炎,фа ыан
法庭,фа тинг
法语,фа ыу
番,фан
番茄,фан чие
凡是,фан ши
繁殖,фан чи
反抗,фан канг
反问,фан уоен
反响,фан xианг
犯,фан
犯规,фан гуе
犯罪,фан цуи
防范,фанг фан
防守,фанг шоу
房价,фанг йиа
仿佛,фанг фо
飞船,феи чуан
飞行员,феи xинг ыуан
肺,феи
分工,фен гонг
分裂,фен лие
愤怒,фен ну
风暴,фенг бао
峰会,фенг хуи
奉献,фенг xиан
佛,фо
佛教,фо йиао
服,фу
浮,фу
父子,фу тзы
负,фу
复苏,фу су
副,фу
副,фу
富人,фу рен
富有,фу ыо
改装,гаи чуанг
干涉,ган ше
肝,ган
杆,ган
赶忙,ган манг
赶上,ган шанг
敢于,ган ыу
感人,ган рен
刚好,ганг хао
岗位,ганг уоеи
港口,ганг коу
高层,гао ценг
高档,гао данг
高等,гао денг
高峰,гао фенг
高考,гао као
高科技,гао ке йи
高手,гао шоу
稿子,гао зи
歌唱,ге чанг
歌词,ге цы
歌星,ге xинг
革新,ге xин
更是,генг ши
工商,гонг шанг
公,гонг
公安,гонг ан
公鸡,гонг йи
公众,гонг чонг
公主,гонг чу
攻击,гонг йи
供给,гонг гии
宫,гонг
巩固,гонг гу
贡献,гонг xиан
构建,гоу йиан
孤独,гу ду
孤儿,гу ер
姑姑,гу гу
古典,гу диан
股,гу
股东,гу донг
股票,гу пиао
故障,гу чанг
顾,гу
刮,гуа
拐,гуаи
关爱,гуан аи
关联,гуан лиан
观光,гуан гуанг
官司,гуан си
管道,гуан дао
光辉,гуанг хуи
广阔,гуанг куо
轨道,гуе дао
跪,гуе
国产,гуо чан
国歌,гуо ге
国会,гуо хуи
国旗,гуо чи
国王,гуо уоан
果酱,гуо йианг
果树,гуо шу
过渡,гуо ду
过后,гуо хоу
过时,гуо ши
海报,хаи бао
海底,хаи ди
海军,хаи юн
海浪,хаи ланг
海外,хаи уоаи
海湾,хаи уоан
海洋,хаи ыанг
好容易,хао ронг ыи
好似,хао сы
好转,хао чуан
合约,хе ыуе
和谐,хе xие
核心,хе xин
黑夜,хеи ые
很难说,хен нан
狠,хен
横,хенг
衡量,хенг лиан
宏大,хонг да
洪水,хонг шуи
壶,ху
互动,ху донг
户外,ху уоаи
护,ху
花费,хуа феи
花瓶,хуа пинг
花生,хуа шенг
化解,хуа йие
幻想,хуан xианг
患者,хуан че
皇帝,хуанг ди
回应,хуи ыинг
毁,хуи
会见,хуи йиан
会长,хуи чанг
绘画,хуи хуа
昏,хун
混合,хун хе
混乱,хун луан
活跃,хуо ыуе
火箭,хуо йиан
机动车,йи донг че
机关,йи гуан
机械,йи xие
基督教,йи ду йиао
激情,йи чинг
吉利,йи ли
吉祥,йи xианг
极端,йи дуан
急救,йи йиу
疾病,йи бинг
集,йи
给予,гии ыу
加盟,йиа менг
家电,йиа диан
家园,йиа ыуан
嘉宾,йиа бин
假日,йиа ри
尖,йиан
监测,йиан це
监督,йиан ду
捡,йиан
简介,йиан йие
剑,йиан
鉴定,йиан динг
箭,йиан
将军,йианг юн
讲课,йианг ке
酱,йианг
酱油,йианг ыо
骄傲,йиао ао
焦点,йиао диан
脚印,йиао ыин
觉,юиа
教堂,йиао танг
教育部,йиао ыу бу
接收,йие шоу
揭,йие
街头,йие тоу
节,йие
节假日,йие йиа ри
节能,йие ненг
节奏,йие цоу
杰出,йие чу
截止,йие чи
截至,йие чих
解说,йие шуо
界,йие
界,йие
借鉴,йие йиан
金额,йин ее
金钱,йин чиан
金融,йин ронг
尽,йин
进攻,йин гонг
近日,йин ри
近视,йин ши
惊人,линг рен
惊喜,линг xи
精,йинг
精美,йинг меи
精品,йинг пин
井,йинг
景,йинг
景点,йинг диан
净,йинг
纠纷,йиу фен
纠正,йиу ченг
酒水,йиу шуи
救命,йиу минг
救援,йиу ыуан
救助,йиу чу
就是说,йиу ши шуо
就算,йиу суан
局,юю
剧,юю
据,юю
捐,юана
捐款,юана куан
捐赠,юана ценг
捐助,юана чу
决策,юе це
觉悟,юе уоу
绝,юе
绝大多数,юе да ду шу
军队,юн дуи
军舰,юн йиан
军事,юн ши
开创,каи чуанг
开关,каи гуан
开设,каи ше
开通,каи тонг
开头,каи тоу
开夜车,каи ые че
看,кан
看管,кан гуан
看得起,кан де чи
看作,кан цзо
康复,канг фу
抗议,канг ыи
考场,као чанг
考题,као ти
科研,ке ыан
客车,ке че
肯,кен
空军,конг юн
口试,коу ши
扣,коу
酷,ку
跨,куа
快车,куаи че
宽阔,куан куо
矿,куанг
阔,куо
来往,лаи уоанг
赖,лаи
栏目,лан му
蓝领,лан линг
蓝天,лан тиан
懒,лан
牢,лао
老乡,лао xианг
冷气,ленг чи
冷水,ленг шуи
礼堂,ли танг
理,ли
理财,ли цаи
理智,ли чих
力,ли
利,ли
联盟,лиан менг
联赛,лиан саи
联手,лиан шоу
凉鞋,лиан xие
两侧,лиан це
两手,лиан шоу
聊,лиао
聊天儿,лиао тиан рр
料,лиао
料,лиао
裂,лие
灵活,линг хуо
领取,линг чу
领袖,линг xиу
另,линг
留言,лиу ыан
流感,лиу ган
楼道,лоу дао
楼房,лоу фанг
露,лу
陆军,лу юн
录像,лу xианг
录音机,лу ыин йи
路过,лу гуо
露,лу
马车,ма че
埋,маи
馒头,ман тоу
慢车,ман че
盲人,манг рен
梅花,меи хуа
美容,меи ронг
蒙,менг
猛,менг
棉,миан
面对面,миан дуи миан
面向,миан xианг
妙,миао
灭,мие
民歌,мин ге
民工,мин гонг
民警,мин йинг
民意,мин ыи
民主,мин чу
名额,минг ее
名胜,минг шенг
名义,минг ыи
名誉,минг ыу
明日,минг ри
命,минг
膜,мо
磨,мо
没收,мои шоу
墨水,мо шуи
母,му
母鸡,му йи
母子,му тзы
墓,му
拿走,на цоу
奶粉,наи фен
奶牛,наи ниу
难忘,нан уоан
内地,неи ди
内外,неи уоаи
内衣,неи ии
能否,ненг фоу
泥,ни
扭,ниу
排行榜,паи хинг банг
派出,паи чу
判,пан
盼望,пан уоан
陪同,пеи тонг
配置,пеи чих
皮球,пи чиу
偏,пиан
贫困,пин кун
品牌,пин паи
聘请,пин чинг
平凡,пинг фан
平方米,пинг фанг ми
平衡,пинг хенг
平台,пинг таи
评,пинг
评选,пинг xуанн
屏幕,пинг му
坡,по
扑,пу
铺,пу
欺负,чи фу
奇妙,чи миао
企图,чи ту
起点,чи диан
起诉,чи су
气氛,чи фен
恰当,чиа данг
恰好,чиа хао
恰恰,чиа чиа
牵,чиан
铅笔,чиан би
谦虚,чиан xуу
前方,чиан фанг
前来,чиан лаи
潜力,чиан ли
强盗,чиан дао
强化,чиан хуа
强势,чиан ши
强壮,чиан чуанг
桥梁,чиао лиан
巧妙,чиао миао
茄子,чие зи
切实,чие ши
侵犯,чин фан
亲属,чин шу
亲眼,чин ыан
倾向,чинг xианг
清,чинг
清洁,чинг йие
清洁工,чинг йие гонг
清明节,чинг минг йие
清洗,чинг xи
情绪,чинг xуу
求职,чиу чи
球拍,чиу паи
球星,чиу xинг
球员,чиу ыуан
区分,чу фен
渠道,чу дао
取款,чу куан
取款机,чу куан йи
去掉,чу диао
权,чуан
权力,чуан ли
全力,чуан ли
全新,чуан xин
券,чуан
缺陷,чуе xиан
却是,чуе ши
让座,ран цзо
热点,ре диан
热水,ре шуи
热水器,ре шуи чи
热线,ре xиан
人权,рен чуан
认同,рен тонг
日夜,ри ые
日语,ри ыу
融合,ронг хе
融入,ронг ру
如,ру
如一,ру ии
乳制品,ру чих пин
入,ру
入学,ру xуу
若,руо
塞,саи
赛,саи
赛场,саи чанг
三明治,сан минг чих
丧失,санг ши
山峰,шан фенг
山谷,шан гу
山坡,шан по
伤口,шанг коу
伤亡,шанг уоан
伤员,шанг ыуан
商城,шанг ченг
上当,шанг данг
上帝,шанг ди
上市,шанг ши
上台,шанг таи
上演,шанг ыан
勺,шао
少儿,шао ер
舌头,ше тоу
设计师,ше йи ши
涉及,ше йи
深化,шен хуа
深深,шен шен
审查,шен ча
升级,шенг йи
升学,шенг xуу
升值,шенг чи
生活费,шенг хуо феи
省钱,шенг чиан
圣诞节,шенг дан йие
盛行,шенг xинг
师父,ши фу
师生,ши шенг
时而,ши ер
时节,ши йие
时期,ши чи
时时,ши ши
时装,ши чуанг
识,ши
识字,ши тзы
实践,ши йиан
食欲,ши ыу
市民,ши мин
事后,ши хоу
试点,ши диан
适当,ши данг
收藏,шоу цанг
收取,шоу чу
收养,шоу ыанг
手续费,шоу xуу феи
首,шоу
首次,шоу цы
首脑,шоу нао
首席,шоу xи
首相,шоу xианг
书房,шу фанг
薯片,шу пиан
薯条,шу тиао
双打,шуанг да
爽,шуанг
水泥,шуи ни
税,шуи
顺,шун
说明书,шуо минг шу
说实话,шуо ши хуа
司长,сы чанг
死亡,сы уоан
四处,сы чу
寺,сы
送礼,сонг ли
送行,сонг xинг
素质,су чих
算了,суан ле
算是,суан ши
虽,суи
所,суо
踏实,та ши
塔,та
台灯,таи денг
太阳能,таи ыанг ненг
叹气,тан чи
探索,тан суо
探讨,тан тао
趟,танг
掏,тао
特,те
特大,те да
特地,те ди
特快,те куаи
特意,те ыи
疼痛,тенг тонг
踢,ти
提交,ти йиао
提升,ти шенг
天然,тиан ран
天堂,тиан танг
天下,тиан xиа
添,тиан
田,тиан
田径,тиан йинг
跳水,тиао шуи
听取,тинг чу
通报,тонг бао
通道,тонг дао
通红,тонг хонг
通话,тонг хуа
通行,тонг xинг
通讯,тонг xунн
同,тонг
同胞,тонг бао
同行,тонг хинг
同期,тонг чи
同一,тонг ии
铜牌,тонг паи
头疼,тоу тенг
投票,тоу пиао
透露,тоу лу
图书,ту шу
徒弟,ту ди
途径,ту йинг
土,ту
团队,туан дуи
推出,туи чу
退票,туи пиао
吞,тун
托,ту
拖,ту
拖鞋,ту xие
挖,уо
娃娃,уоа уоа
外币,уоаи би
外部,уоаи бу
外出,уоаи чу
外观,уоаи гуан
外科,уоаи ке
外来,уоаи лаи
外头,уоаи тоу
外衣,уоаи ии
外资,уоаи тзы
弯曲,уоан чу
顽皮,уоан пи
顽强,уоан чиан
王后,уоан хоу
王子,уоан тзы
网吧,уоанг ба
网页,уоанг ые
往后,уоанг хоу
往来,уоанг лаи
往年,уоанг ниан
望见,уоан йиан
危机,уоеи йи
威胁,уоеи xие
微波炉,уоеи бо лу
维生素,уоеи шенг су
为此,уоеи цы
为何,уоеи хе
文娱,уоен ыу
卧铺,уоо пу
乌云,уо ыун
无边,уо биан
无关,уо гуан
无效,уо xиао
舞蹈,уоу дао
物品,уоу пин
误,уоу
西班牙语,xи бан ыа ыу
吸毒,xи ду
牺牲,xи шенг
洗衣粉,xи ии фен
戏曲,xи чу
细胞,xи бао
细菌,xи юн
先锋,xиан фенг
嫌,xиан
显出,xиан чу
险,xиан
线路,xиан лу
陷入,xиан ру
响声,xианг шенг
消耗,xиао хао
消灭,xиао мие
小费,xиао феи
小麦,xиао маи
小于,xиао ыу
笑脸,xиао лиан
笑容,xиао ронг
笑声,xиао шенг
协会,xие хуи
协商,xие шанг
协调,xие диао
协助,xие чу
写字楼,xие тзы лоу
写字台,xие тзы таи
心灵,xин линг
心愿,xин ыуан
心脏,xин цанг
心脏病,xин цанг бинг
新人,xин рен
新兴,xин xинг
信仰,xинн ыанг
信用,xинн ыонг
兴旺,xинг уоан
行程,xинг ченг
形,xинг
凶,xионг
凶手,xионг шоу
修车,xиу че
袖珍,xиу чен
悬,xуанн
旋转,xуанн чуан
选拔,xуанн ба
选举,xуанн юю
学会,xуу хуи
学员,xуу ыуан
血管,xиу гуан
血液,xиу ые
循环,xунн хуан
压迫,ыа по
烟花,ыан хуа
沿,ыан
沿海,ыан хаи
沿着,ыан же
研发,ыан фа
眼看,ыан кан
演奏,ыан цоу
宴会,ыан хуи
洋,ыанг
仰,ыанг
养老,ыанг лао
氧气,ыанг чи
样,ыанг
药品,ыао пин
要不然,ыао бу ран
要好,ыао хао
要么,ыао ме
要素,ыао су
野,ые
野生,ые шенг
医药,ии ыао
依次,ии цы
依赖,ии лаи
仪器,ыи чи
仪式,ыи ши
遗憾,ыи хан
一番,ыи фан
一时,ыи ши
艺人,ыи рен
议题,ыи ти
异常,ыи чанг
意想不到,ыи xианг бу дао
意愿,ыи ыуан
因,ыин
因素,ыин су
阴谋,ыин моу
阴影,ыин ыинг
音量,ыин лиан
音像,ыин xианг
隐藏,ыин цанг
隐私,ыин сы
印,ыин
英雄,ыин xионг
迎来,ыин лаи
影迷,ыинг ми
影星,ыинг xинг
应对,ыинг дуи
应急,ыинг йи
用得着,ыонг де чао
用法,ыонг фа
用品,ыонг пин
用心,ыонг xин
优质,ыо чих
游人,ыо рен
游玩,ыо уоан
游戏机,ыо xи йи
游行,ыо xинг
有关,ыо гуан
有没有,ыо меи ыо
有事,ыо ши
于,ыу
娱乐,ыу ле
愉快,ыу куаи
与,ыу
宇航员,ыу ханг ыуан
雨衣,ыу ии
预约,ыу ыуе
元素,ыуан су
园,ыуан
园地,ыуан ди
原,ыуан
原告,ыуан гао
原谅,ыуан лиан
圆珠笔,ыуан чу би
援助,ыуан чу
缘故,ыуан гу
远方,ыуан фанг
远离,ыуан ли
远远,ыуан ыуан
约定,ыуе динг
乐曲,лу чу
晕,ыун
允许,ыун xуу
运作,ыун цзо
晕车,ыун че
杂,ца
再生,цаи шенг
再说,цаи шуо
遭到,цао дао
遭受,цао шоу
遭遇,цао ыу
早晚,цао уоан
增进,ценг йин
增值,ценг чи
扎,ча
扎实,ча ши
炸,ча
炸弹,ча дан
炸药,ча ыао
债,чаи
占据,чан юю
战场,чан чанг
战术,чан шу
战友,чан ыо
站台,чан таи
章,чанг
长,чанг
掌声,чанг шенг
账,чанг
账户,чанг ху
涨,чанг
障碍,чанг аи
招,чао
招聘,чао пин
照样,чао ыанг
照耀,чао ыао
哲学,че xуу
这就是说,че йиу ши шуо
镇,чен
争夺,ченг дуо
整顿,ченг дун
整治,ченг чих
正当,ченг данг
政策,ченг це
政党,ченг данг
政权,ченг чуан
症状,ченг чуанг
之类,чи леи
支撑,чи ченг
支援,чи ыуан
枝,чи
知名,чи минг
织,чи
直升机,чи шенг йи
职责,чи це
止,чи
只得,чи де
只顾,чи гу
只管,чи гуан
指定,чи динг
指数,чи шу
指头,чи тоу
指着,жиж
至于,чих ыу
治病,чих бинг
智慧,чих хуи
中等,чонг денг
中华,чонг хуа
中期,чонг чи
中外,чонг уоаи
忠心,чонг xин
钟头,чонг тоу
肿,чонг
种种,чонг чонг
粥,чоу
珠宝,чу бао
诸位,чу уоеи
主持人,чу чи рен
主角,чу йиао
主流,чу лиу
煮,чу
住宅,чу чаи
驻,чу
柱子,чу зи
祝愿,чу ыуан
专用,чуан ыонг
转,чуан
赚,чуан
赚钱,чуан чиан
装备,чуанг беи
壮观,чуанг гуан
追究,чуи йиу
捉,чо
咨询,тзы xунн
自来水,тзы лаи шуи
自我,тзы уоо
自学,тзы xуу
自言自语,тзы ыан тзы ыу
宗教,цзнг йиао
总部,цзнг бу
总监,цзнг йиан
总经理,цзнг йинг ли
总量,цзнг лиан
走私,цоу сы
奏,цоу
租金,цу йин
足,цу
足以,цу ыи
族,цу
族,цу
祖父,цу фу
祖国,цу гуо
祖母,цу му
钻,цуан
最佳,цуи йиа
最终,цуи чонг
罪,цуи
罪恶,цуи ее
作,цзо
作废,цзо феи
作战,цзо чан
